Command line invocation:
    /Applications/Xcode.app/Contents/Developer/usr/bin/xcodebuild test -scheme SwiftJLS -destination platform=macOS,arch=arm64 -derivedDataPath /Users/suresh/Documents/Codex/2026-09-18/create-coding-agents-to-start-work/work/swift64/xcode/SwiftJLS/DerivedData -resultBundlePath /Users/suresh/Documents/Codex/2026-09-18/create-coding-agents-to-start-work/work/swift64/xcode/SwiftJLS/Tests.xcresult -parallel-testing-enabled NO -jobs 2 CODE_SIGNING_ALLOWED=NO

Build settings from command line:
    CODE_SIGNING_ALLOWED = NO

Resolve Package Graph
2026-09-19 03:46:34.469 xcodebuild[13440:2775002] [MT] IDERunDestination: Supported platforms for the buildables in the current scheme is empty.


Resolved source packages:
  SwiftJLS: /Users/suresh/Documents/Codex/2026-09-18/create-coding-agents-to-start-work/outputs/SwiftJLS

Writing result bundle at path:
	/Users/suresh/Documents/Codex/2026-09-18/create-coding-agents-to-start-work/work/swift64/xcode/SwiftJLS/Tests.xcresult

--- xcodebuild: WARNING: Using the first of multiple matching destinations:
{ platform:macOS, arch:arm64, id:REDACTED-HARDWARE-ID, name:My Mac }
{ platform:macOS, arch:arm64, variant:Mac Catalyst, id:REDACTED-HARDWARE-ID, name:My Mac }
{ platform:macOS, arch:arm64, variant:DriverKit, id:REDACTED-HARDWARE-ID, name:My Mac }
{ platform:macOS, arch:arm64, variant:Designed for [iPad,iPhone], id:REDACTED-HARDWARE-ID, name:My Mac }
Build Preparation
Build task concurrency set to 2 via user default IDEBuildOperationMaxNumberOfConcurrentCompileTasks

ComputePackagePrebuildTargetDependencyGraph

Prepare packages

CreateBuildRequest

SendProjectDescription

CreateBuildOperation

ComputeTargetDependencyGraph
note: Building targets in dependency order
note: Target dependency graph (3 targets)
    Target 'SwiftJLS-product' in project 'SwiftJLS'
        ➜ Explicit dependency on target 'SwiftJLS' in project 'SwiftJLS'
    Target 'SwiftJLSTests-product' in project 'SwiftJLS'
        ➜ Explicit dependency on target 'SwiftJLS' in project 'SwiftJLS'
    Target 'SwiftJLS' in project 'SwiftJLS' (no dependencies)

GatherProvisioningInputs

CreateBuildDescription

ExecuteExternalTool /Applications/Xcode.app/Contents/Developer/Toolchains/XcodeDefault.xctoolchain/usr/bin/clang -v -E -dM -isysroot /Applications/Xcode.app/Contents/Developer/Platforms/MacOSX.platform/Developer/SDKs/MacOSX27.0.sdk -x c -c /dev/null

ExecuteExternalTool /Applications/Xcode.app/Contents/Developer/Toolchains/XcodeDefault.xctoolchain/usr/bin/swiftc --version

ExecuteExternalTool /Applications/Xcode.app/Contents/Developer/Toolchains/XcodeDefault.xctoolchain/usr/bin/ld -version_details

Build description signature: 52b3d529d60b29e65903711e23f5cb6f
Build description path: /Users/suresh/Documents/Codex/2026-09-18/create-coding-agents-to-start-work/work/swift64/xcode/SwiftJLS/DerivedData/Build/Intermediates.noindex/XCBuildData/52b3d529d60b29e65903711e23f5cb6f.xcbuilddata
CreateBuildDirectory /Users/suresh/Documents/Codex/2026-09-18/create-coding-agents-to-start-work/work/swift64/xcode/SwiftJLS/DerivedData/ModuleCache.noindex
    cd /Users/suresh/Documents/Codex/2026-09-18/create-coding-agents-to-start-work/outputs/SwiftJLS/.swiftpm/xcode
    builtin-create-build-directory /Users/suresh/Documents/Codex/2026-09-18/create-coding-agents-to-start-work/work/swift64/xcode/SwiftJLS/DerivedData/ModuleCache.noindex

CreateBuildDirectory /Users/suresh/Documents/Codex/2026-09-18/create-coding-agents-to-start-work/work/swift64/xcode/SwiftJLS/DerivedData/SDKExplicitPrecompiledModules
    cd /Users/suresh/Documents/Codex/2026-09-18/create-coding-agents-to-start-work/outputs/SwiftJLS/.swiftpm/xcode
    builtin-create-build-directory /Users/suresh/Documents/Codex/2026-09-18/create-coding-agents-to-start-work/work/swift64/xcode/SwiftJLS/DerivedData/SDKExplicitPrecompiledModules

CreateBuildDirectory /Users/suresh/Documents/Codex/2026-09-18/create-coding-agents-to-start-work/work/swift64/xcode/SwiftJLS/DerivedData/Build/Products
    cd /Users/suresh/Documents/Codex/2026-09-18/create-coding-agents-to-start-work/outputs/SwiftJLS/.swiftpm/xcode
    builtin-create-build-directory /Users/suresh/Documents/Codex/2026-09-18/create-coding-agents-to-start-work/work/swift64/xcode/SwiftJLS/DerivedData/Build/Products

CreateBuildDirectory /Users/suresh/Documents/Codex/2026-09-18/create-coding-agents-to-start-work/work/swift64/xcode/SwiftJLS/DerivedData/CompilationCache.noindex
    cd /Users/suresh/Documents/Codex/2026-09-18/create-coding-agents-to-start-work/outputs/SwiftJLS/.swiftpm/xcode
    builtin-create-build-directory /Users/suresh/Documents/Codex/2026-09-18/create-coding-agents-to-start-work/work/swift64/xcode/SwiftJLS/DerivedData/CompilationCache.noindex

CreateBuildDirectory /Users/suresh/Documents/Codex/2026-09-18/create-coding-agents-to-start-work/work/swift64/xcode/SwiftJLS/DerivedData/Build/Intermediates.noindex
    cd /Users/suresh/Documents/Codex/2026-09-18/create-coding-agents-to-start-work/outputs/SwiftJLS/.swiftpm/xcode
    builtin-create-build-directory /Users/suresh/Documents/Codex/2026-09-18/create-coding-agents-to-start-work/work/swift64/xcode/SwiftJLS/DerivedData/Build/Intermediates.noindex

ClangStatCache /Applications/Xcode.app/Contents/Developer/Toolchains/XcodeDefault.xctoolchain/usr/bin/clang-stat-cache /Applications/Xcode.app/Contents/Developer/Platforms/MacOSX.platform/Developer/SDKs/MacOSX27.0.sdk /Users/suresh/Documents/Codex/2026-09-18/create-coding-agents-to-start-work/work/swift64/xcode/SwiftJLS/DerivedData/SDKStatCaches.noindex/macosx27.0-26A425-e829b21a6f8c9b70876ba0858053c0447231f6df4def33e022ae2eb8f782df1a.sdkstatcache
    cd /Users/suresh/Documents/Codex/2026-09-18/create-coding-agents-to-start-work/outputs/SwiftJLS/.swiftpm/xcode
    /Applications/Xcode.app/Contents/Developer/Toolchains/XcodeDefault.xctoolchain/usr/bin/clang-stat-cache /Applications/Xcode.app/Contents/Developer/Platforms/MacOSX.platform/Developer/SDKs/MacOSX27.0.sdk -o /Users/suresh/Documents/Codex/2026-09-18/create-coding-agents-to-start-work/work/swift64/xcode/SwiftJLS/DerivedData/SDKStatCaches.noindex/macosx27.0-26A425-e829b21a6f8c9b70876ba0858053c0447231f6df4def33e022ae2eb8f782df1a.sdkstatcache

CreateBuildDirectory /Users/suresh/Documents/Codex/2026-09-18/create-coding-agents-to-start-work/work/swift64/xcode/SwiftJLS/DerivedData/Build/Products/Debug
    cd /Users/suresh/Documents/Codex/2026-09-18/create-coding-agents-to-start-work/outputs/SwiftJLS/.swiftpm/xcode
    builtin-create-build-directory /Users/suresh/Documents/Codex/2026-09-18/create-coding-agents-to-start-work/work/swift64/xcode/SwiftJLS/DerivedData/Build/Products/Debug

CreateBuildDirectory /Users/suresh/Documents/Codex/2026-09-18/create-coding-agents-to-start-work/work/swift64/xcode/SwiftJLS/DerivedData/Build/Intermediates.noindex/SwiftExplicitPrecompiledModules
    cd /Users/suresh/Documents/Codex/2026-09-18/create-coding-agents-to-start-work/outputs/SwiftJLS/.swiftpm/xcode
    builtin-create-build-directory /Users/suresh/Documents/Codex/2026-09-18/create-coding-agents-to-start-work/work/swift64/xcode/SwiftJLS/DerivedData/Build/Intermediates.noindex/SwiftExplicitPrecompiledModules

CreateBuildDirectory /Users/suresh/Documents/Codex/2026-09-18/create-coding-agents-to-start-work/work/swift64/xcode/SwiftJLS/DerivedData/Build/Products/Debug/PackageFrameworks
    cd /Users/suresh/Documents/Codex/2026-09-18/create-coding-agents-to-start-work/outputs/SwiftJLS/.swiftpm/xcode
    builtin-create-build-directory /Users/suresh/Documents/Codex/2026-09-18/create-coding-agents-to-start-work/work/swift64/xcode/SwiftJLS/DerivedData/Build/Products/Debug/PackageFrameworks

CreateBuildDirectory /Users/suresh/Documents/Codex/2026-09-18/create-coding-agents-to-start-work/work/swift64/xcode/SwiftJLS/DerivedData/Build/Intermediates.noindex/PrecompiledHeaders
    cd /Users/suresh/Documents/Codex/2026-09-18/create-coding-agents-to-start-work/outputs/SwiftJLS/.swiftpm/xcode
    builtin-create-build-directory /Users/suresh/Documents/Codex/2026-09-18/create-coding-agents-to-start-work/work/swift64/xcode/SwiftJLS/DerivedData/Build/Intermediates.noindex/PrecompiledHeaders

CreateBuildDirectory /Users/suresh/Documents/Codex/2026-09-18/create-coding-agents-to-start-work/work/swift64/xcode/SwiftJLS/DerivedData/Build/Intermediates.noindex/ExplicitPrecompiledModules
    cd /Users/suresh/Documents/Codex/2026-09-18/create-coding-agents-to-start-work/outputs/SwiftJLS/.swiftpm/xcode
    builtin-create-build-directory /Users/suresh/Documents/Codex/2026-09-18/create-coding-agents-to-start-work/work/swift64/xcode/SwiftJLS/DerivedData/Build/Intermediates.noindex/ExplicitPrecompiledModules

CreateBuildDirectory /Users/suresh/Documents/Codex/2026-09-18/create-coding-agents-to-start-work/work/swift64/xcode/SwiftJLS/DerivedData/Build/Intermediates.noindex/EagerLinkingTBDs/Debug
    cd /Users/suresh/Documents/Codex/2026-09-18/create-coding-agents-to-start-work/outputs/SwiftJLS/.swiftpm/xcode
    builtin-create-build-directory /Users/suresh/Documents/Codex/2026-09-18/create-coding-agents-to-start-work/work/swift64/xcode/SwiftJLS/DerivedData/Build/Intermediates.noindex/EagerLinkingTBDs/Debug

WriteAuxiliaryFile /Users/suresh/Documents/Codex/2026-09-18/create-coding-agents-to-start-work/work/swift64/xcode/SwiftJLS/DerivedData/Build/Intermediates.noindex/SwiftJLS.build/Debug/SwiftJLSTests-p.build/empty-SwiftJLSTests.plist (in target 'SwiftJLSTests-product' from project 'SwiftJLS')
    cd /Users/suresh/Documents/Codex/2026-09-18/create-coding-agents-to-start-work/outputs/SwiftJLS
    write-file /Users/suresh/Documents/Codex/2026-09-18/create-coding-agents-to-start-work/work/swift64/xcode/SwiftJLS/DerivedData/Build/Intermediates.noindex/SwiftJLS.build/Debug/SwiftJLSTests-p.build/empty-SwiftJLSTests.plist

WriteAuxiliaryFile /Users/suresh/Documents/Codex/2026-09-18/create-coding-agents-to-start-work/work/swift64/xcode/SwiftJLS/DerivedData/Build/Intermediates.noindex/SwiftJLS.build/Debug/SwiftJLSTests-p.build/SwiftJLSTests.DependencyStaticMetadataFileList (in target 'SwiftJLSTests-product' from project 'SwiftJLS')
    cd /Users/suresh/Documents/Codex/2026-09-18/create-coding-agents-to-start-work/outputs/SwiftJLS
    write-file /Users/suresh/Documents/Codex/2026-09-18/create-coding-agents-to-start-work/work/swift64/xcode/SwiftJLS/DerivedData/Build/Intermediates.noindex/SwiftJLS.build/Debug/SwiftJLSTests-p.build/SwiftJLSTests.DependencyStaticMetadataFileList

WriteAuxiliaryFile /Users/suresh/Documents/Codex/2026-09-18/create-coding-agents-to-start-work/work/swift64/xcode/SwiftJLS/DerivedData/Build/Intermediates.noindex/SwiftJLS.build/Debug/SwiftJLSTests-p.build/SwiftJLSTests.DependencyMetadataFileList (in target 'SwiftJLSTests-product' from project 'SwiftJLS')
    cd /Users/suresh/Documents/Codex/2026-09-18/create-coding-agents-to-start-work/outputs/SwiftJLS
    write-file /Users/suresh/Documents/Codex/2026-09-18/create-coding-agents-to-start-work/work/swift64/xcode/SwiftJLS/DerivedData/Build/Intermediates.noindex/SwiftJLS.build/Debug/SwiftJLSTests-p.build/SwiftJLSTests.DependencyMetadataFileList

WriteAuxiliaryFile /Users/suresh/Documents/Codex/2026-09-18/create-coding-agents-to-start-work/work/swift64/xcode/SwiftJLS/DerivedData/Build/Intermediates.noindex/SwiftJLS.build/Debug/SwiftJLSTests-p.build/Objects-normal/arm64/SwiftJLSTests_const_extract_protocols.json (in target 'SwiftJLSTests-product' from project 'SwiftJLS')
    cd /Users/suresh/Documents/Codex/2026-09-18/create-coding-agents-to-start-work/outputs/SwiftJLS
    write-file /Users/suresh/Documents/Codex/2026-09-18/create-coding-agents-to-start-work/work/swift64/xcode/SwiftJLS/DerivedData/Build/Intermediates.noindex/SwiftJLS.build/Debug/SwiftJLSTests-p.build/Objects-normal/arm64/SwiftJLSTests_const_extract_protocols.json

WriteAuxiliaryFile /Users/suresh/Documents/Codex/2026-09-18/create-coding-agents-to-start-work/work/swift64/xcode/SwiftJLS/DerivedData/Build/Intermediates.noindex/SwiftJLS.build/Debug/SwiftJLSTests-p.build/Objects-normal/arm64/SwiftJLSTests.SwiftFileList (in target 'SwiftJLSTests-product' from project 'SwiftJLS')
    cd /Users/suresh/Documents/Codex/2026-09-18/create-coding-agents-to-start-work/outputs/SwiftJLS
    write-file /Users/suresh/Documents/Codex/2026-09-18/create-coding-agents-to-start-work/work/swift64/xcode/SwiftJLS/DerivedData/Build/Intermediates.noindex/SwiftJLS.build/Debug/SwiftJLSTests-p.build/Objects-normal/arm64/SwiftJLSTests.SwiftFileList

WriteAuxiliaryFile /Users/suresh/Documents/Codex/2026-09-18/create-coding-agents-to-start-work/work/swift64/xcode/SwiftJLS/DerivedData/Build/Intermediates.noindex/SwiftJLS.build/Debug/SwiftJLSTests-p.build/Objects-normal/arm64/SwiftJLSTests.SwiftConstValuesFileList (in target 'SwiftJLSTests-product' from project 'SwiftJLS')
    cd /Users/suresh/Documents/Codex/2026-09-18/create-coding-agents-to-start-work/outputs/SwiftJLS
    write-file /Users/suresh/Documents/Codex/2026-09-18/create-coding-agents-to-start-work/work/swift64/xcode/SwiftJLS/DerivedData/Build/Intermediates.noindex/SwiftJLS.build/Debug/SwiftJLSTests-p.build/Objects-normal/arm64/SwiftJLSTests.SwiftConstValuesFileList

WriteAuxiliaryFile /Users/suresh/Documents/Codex/2026-09-18/create-coding-agents-to-start-work/work/swift64/xcode/SwiftJLS/DerivedData/Build/Intermediates.noindex/SwiftJLS.build/Debug/SwiftJLSTests-p.build/Objects-normal/arm64/SwiftJLSTests.LinkFileList (in target 'SwiftJLSTests-product' from project 'SwiftJLS')
    cd /Users/suresh/Documents/Codex/2026-09-18/create-coding-agents-to-start-work/outputs/SwiftJLS
    write-file /Users/suresh/Documents/Codex/2026-09-18/create-coding-agents-to-start-work/work/swift64/xcode/SwiftJLS/DerivedData/Build/Intermediates.noindex/SwiftJLS.build/Debug/SwiftJLSTests-p.build/Objects-normal/arm64/SwiftJLSTests.LinkFileList

WriteAuxiliaryFile /Users/suresh/Documents/Codex/2026-09-18/create-coding-agents-to-start-work/work/swift64/xcode/SwiftJLS/DerivedData/Build/Intermediates.noindex/SwiftJLS.build/Debug/SwiftJLSTests-p.build/Objects-normal/arm64/SwiftJLSTests-OutputFileMap.json (in target 'SwiftJLSTests-product' from project 'SwiftJLS')
    cd /Users/suresh/Documents/Codex/2026-09-18/create-coding-agents-to-start-work/outputs/SwiftJLS
    write-file /Users/suresh/Documents/Codex/2026-09-18/create-coding-agents-to-start-work/work/swift64/xcode/SwiftJLS/DerivedData/Build/Intermediates.noindex/SwiftJLS.build/Debug/SwiftJLSTests-p.build/Objects-normal/arm64/SwiftJLSTests-OutputFileMap.json

MkDir /Users/suresh/Documents/Codex/2026-09-18/create-coding-agents-to-start-work/work/swift64/xcode/SwiftJLS/DerivedData/Build/Products/Debug/SwiftJLSTests.xctest/Contents/MacOS (in target 'SwiftJLSTests-product' from project 'SwiftJLS')
    cd /Users/suresh/Documents/Codex/2026-09-18/create-coding-agents-to-start-work/outputs/SwiftJLS
    /bin/mkdir -p /Users/suresh/Documents/Codex/2026-09-18/create-coding-agents-to-start-work/work/swift64/xcode/SwiftJLS/DerivedData/Build/Products/Debug/SwiftJLSTests.xctest/Contents/MacOS

MkDir /Users/suresh/Documents/Codex/2026-09-18/create-coding-agents-to-start-work/work/swift64/xcode/SwiftJLS/DerivedData/Build/Products/Debug/SwiftJLSTests.xctest/Contents (in target 'SwiftJLSTests-product' from project 'SwiftJLS')
    cd /Users/suresh/Documents/Codex/2026-09-18/create-coding-agents-to-start-work/outputs/SwiftJLS
    /bin/mkdir -p /Users/suresh/Documents/Codex/2026-09-18/create-coding-agents-to-start-work/work/swift64/xcode/SwiftJLS/DerivedData/Build/Products/Debug/SwiftJLSTests.xctest/Contents

MkDir /Users/suresh/Documents/Codex/2026-09-18/create-coding-agents-to-start-work/work/swift64/xcode/SwiftJLS/DerivedData/Build/Products/Debug/SwiftJLSTests.xctest (in target 'SwiftJLSTests-product' from project 'SwiftJLS')
    cd /Users/suresh/Documents/Codex/2026-09-18/create-coding-agents-to-start-work/outputs/SwiftJLS
    /bin/mkdir -p /Users/suresh/Documents/Codex/2026-09-18/create-coding-agents-to-start-work/work/swift64/xcode/SwiftJLS/DerivedData/Build/Products/Debug/SwiftJLSTests.xctest

WriteAuxiliaryFile /Users/suresh/Documents/Codex/2026-09-18/create-coding-agents-to-start-work/work/swift64/xcode/SwiftJLS/DerivedData/Build/Intermediates.noindex/SwiftJLS.build/Debug/SwiftJLS-t.build/SwiftJLS.modulemap (in target 'SwiftJLS' from project 'SwiftJLS')
    cd /Users/suresh/Documents/Codex/2026-09-18/create-coding-agents-to-start-work/outputs/SwiftJLS
    write-file /Users/suresh/Documents/Codex/2026-09-18/create-coding-agents-to-start-work/work/swift64/xcode/SwiftJLS/DerivedData/Build/Intermediates.noindex/SwiftJLS.build/Debug/SwiftJLS-t.build/SwiftJLS.modulemap

WriteAuxiliaryFile /Users/suresh/Documents/Codex/2026-09-18/create-coding-agents-to-start-work/work/swift64/xcode/SwiftJLS/DerivedData/Build/Intermediates.noindex/SwiftJLS.build/Debug/SwiftJLS-t.build/SwiftJLS.DependencyStaticMetadataFileList (in target 'SwiftJLS' from project 'SwiftJLS')
    cd /Users/suresh/Documents/Codex/2026-09-18/create-coding-agents-to-start-work/outputs/SwiftJLS
    write-file /Users/suresh/Documents/Codex/2026-09-18/create-coding-agents-to-start-work/work/swift64/xcode/SwiftJLS/DerivedData/Build/Intermediates.noindex/SwiftJLS.build/Debug/SwiftJLS-t.build/SwiftJLS.DependencyStaticMetadataFileList

WriteAuxiliaryFile /Users/suresh/Documents/Codex/2026-09-18/create-coding-agents-to-start-work/work/swift64/xcode/SwiftJLS/DerivedData/Build/Intermediates.noindex/SwiftJLS.build/Debug/SwiftJLS-t.build/SwiftJLS.DependencyMetadataFileList (in target 'SwiftJLS' from project 'SwiftJLS')
    cd /Users/suresh/Documents/Codex/2026-09-18/create-coding-agents-to-start-work/outputs/SwiftJLS
    write-file /Users/suresh/Documents/Codex/2026-09-18/create-coding-agents-to-start-work/work/swift64/xcode/SwiftJLS/DerivedData/Build/Intermediates.noindex/SwiftJLS.build/Debug/SwiftJLS-t.build/SwiftJLS.DependencyMetadataFileList

WriteAuxiliaryFile /Users/suresh/Documents/Codex/2026-09-18/create-coding-agents-to-start-work/work/swift64/xcode/SwiftJLS/DerivedData/Build/Intermediates.noindex/SwiftJLS.build/Debug/SwiftJLS-t.build/Objects-normal/arm64/SwiftJLS_const_extract_protocols.json (in target 'SwiftJLS' from project 'SwiftJLS')
    cd /Users/suresh/Documents/Codex/2026-09-18/create-coding-agents-to-start-work/outputs/SwiftJLS
    write-file /Users/suresh/Documents/Codex/2026-09-18/create-coding-agents-to-start-work/work/swift64/xcode/SwiftJLS/DerivedData/Build/Intermediates.noindex/SwiftJLS.build/Debug/SwiftJLS-t.build/Objects-normal/arm64/SwiftJLS_const_extract_protocols.json

WriteAuxiliaryFile /Users/suresh/Documents/Codex/2026-09-18/create-coding-agents-to-start-work/work/swift64/xcode/SwiftJLS/DerivedData/Build/Intermediates.noindex/SwiftJLS.build/Debug/SwiftJLS-t.build/Objects-normal/arm64/SwiftJLS.SwiftFileList (in target 'SwiftJLS' from project 'SwiftJLS')
    cd /Users/suresh/Documents/Codex/2026-09-18/create-coding-agents-to-start-work/outputs/SwiftJLS
    write-file /Users/suresh/Documents/Codex/2026-09-18/create-coding-agents-to-start-work/work/swift64/xcode/SwiftJLS/DerivedData/Build/Intermediates.noindex/SwiftJLS.build/Debug/SwiftJLS-t.build/Objects-normal/arm64/SwiftJLS.SwiftFileList

WriteAuxiliaryFile /Users/suresh/Documents/Codex/2026-09-18/create-coding-agents-to-start-work/work/swift64/xcode/SwiftJLS/DerivedData/Build/Intermediates.noindex/SwiftJLS.build/Debug/SwiftJLS-t.build/Objects-normal/arm64/SwiftJLS.SwiftConstValuesFileList (in target 'SwiftJLS' from project 'SwiftJLS')
    cd /Users/suresh/Documents/Codex/2026-09-18/create-coding-agents-to-start-work/outputs/SwiftJLS
    write-file /Users/suresh/Documents/Codex/2026-09-18/create-coding-agents-to-start-work/work/swift64/xcode/SwiftJLS/DerivedData/Build/Intermediates.noindex/SwiftJLS.build/Debug/SwiftJLS-t.build/Objects-normal/arm64/SwiftJLS.SwiftConstValuesFileList

WriteAuxiliaryFile /Users/suresh/Documents/Codex/2026-09-18/create-coding-agents-to-start-work/work/swift64/xcode/SwiftJLS/DerivedData/Build/Intermediates.noindex/SwiftJLS.build/Debug/SwiftJLS-t.build/Objects-normal/arm64/SwiftJLS.LinkFileList (in target 'SwiftJLS' from project 'SwiftJLS')
    cd /Users/suresh/Documents/Codex/2026-09-18/create-coding-agents-to-start-work/outputs/SwiftJLS
    write-file /Users/suresh/Documents/Codex/2026-09-18/create-coding-agents-to-start-work/work/swift64/xcode/SwiftJLS/DerivedData/Build/Intermediates.noindex/SwiftJLS.build/Debug/SwiftJLS-t.build/Objects-normal/arm64/SwiftJLS.LinkFileList

WriteAuxiliaryFile /Users/suresh/Documents/Codex/2026-09-18/create-coding-agents-to-start-work/work/swift64/xcode/SwiftJLS/DerivedData/Build/Intermediates.noindex/SwiftJLS.build/Debug/SwiftJLS-t.build/Objects-normal/arm64/SwiftJLS-OutputFileMap.json (in target 'SwiftJLS' from project 'SwiftJLS')
    cd /Users/suresh/Documents/Codex/2026-09-18/create-coding-agents-to-start-work/outputs/SwiftJLS
    write-file /Users/suresh/Documents/Codex/2026-09-18/create-coding-agents-to-start-work/work/swift64/xcode/SwiftJLS/DerivedData/Build/Intermediates.noindex/SwiftJLS.build/Debug/SwiftJLS-t.build/Objects-normal/arm64/SwiftJLS-OutputFileMap.json

Copy /Users/suresh/Documents/Codex/2026-09-18/create-coding-agents-to-start-work/work/swift64/xcode/SwiftJLS/DerivedData/Build/Intermediates.noindex/GeneratedModuleMaps/SwiftJLS.modulemap /Users/suresh/Documents/Codex/2026-09-18/create-coding-agents-to-start-work/work/swift64/xcode/SwiftJLS/DerivedData/Build/Intermediates.noindex/SwiftJLS.build/Debug/SwiftJLS-t.build/SwiftJLS.modulemap (in target 'SwiftJLS' from project 'SwiftJLS')
    cd /Users/suresh/Documents/Codex/2026-09-18/create-coding-agents-to-start-work/outputs/SwiftJLS
    builtin-copy -exclude .DS_Store -exclude CVS -exclude .svn -exclude .git -exclude .hg -resolve-src-symlinks /Users/suresh/Documents/Codex/2026-09-18/create-coding-agents-to-start-work/work/swift64/xcode/SwiftJLS/DerivedData/Build/Intermediates.noindex/SwiftJLS.build/Debug/SwiftJLS-t.build/SwiftJLS.modulemap /Users/suresh/Documents/Codex/2026-09-18/create-coding-agents-to-start-work/work/swift64/xcode/SwiftJLS/DerivedData/Build/Intermediates.noindex/GeneratedModuleMaps

SwiftDriver SwiftJLS normal arm64 com.apple.xcode.tools.swift.compiler (in target 'SwiftJLS' from project 'SwiftJLS')
    cd /Users/suresh/Documents/Codex/2026-09-18/create-coding-agents-to-start-work/outputs/SwiftJLS/.swiftpm/xcode
    builtin-SwiftDriver -- /Applications/Xcode.app/Contents/Developer/Toolchains/XcodeDefault.xctoolchain/usr/bin/swiftc -parse-as-library -module-name SwiftJLS -Onone @/Users/suresh/Documents/Codex/2026-09-18/create-coding-agents-to-start-work/work/swift64/xcode/SwiftJLS/DerivedData/Build/Intermediates.noindex/SwiftJLS.build/Debug/SwiftJLS-t.build/Objects-normal/arm64/SwiftJLS.SwiftFileList -DSWIFT_PACKAGE -DDEBUG -DSWIFT_MODULE_RESOURCE_BUNDLE_UNAVAILABLE -DXcode -plugin-path /Applications/Xcode.app/Contents/Developer/Toolchains/XcodeDefault.xctoolchain/usr/lib/swift/host/plugins/testing -enable-experimental-feature DebugDescriptionMacro -sdk /Applications/Xcode.app/Contents/Developer/Platforms/MacOSX.platform/Developer/SDKs/MacOSX27.0.sdk -target arm64-apple-macos26.0 -g -module-cache-path /Users/suresh/Documents/Codex/2026-09-18/create-coding-agents-to-start-work/work/swift64/xcode/SwiftJLS/DerivedData/ModuleCache.noindex -Xfrontend -serialize-debugging-options -profile-coverage-mapping -profile-generate -enable-testing -index-store-path /Users/suresh/Documents/Codex/2026-09-18/create-coding-agents-to-start-work/work/swift64/xcode/SwiftJLS/DerivedData/Index.noindex/DataStore -Xcc -D_LIBCPP_HARDENING_MODE\=_LIBCPP_HARDENING_MODE_DEBUG -swift-version 6 -I /Users/suresh/Documents/Codex/2026-09-18/create-coding-agents-to-start-work/work/swift64/xcode/SwiftJLS/DerivedData/Build/Products/Debug -Isystem /Applications/Xcode.app/Contents/Developer/Platforms/MacOSX.platform/Developer/usr/lib -F /Users/suresh/Documents/Codex/2026-09-18/create-coding-agents-to-start-work/work/swift64/xcode/SwiftJLS/DerivedData/Build/Products/Debug -F /Applications/Xcode.app/Contents/Developer/Platforms/MacOSX.platform/Developer/Library/Frameworks -c -j18 -enable-batch-mode -incremental -Xcc -ivfsstatcache -Xcc /Users/suresh/Documents/Codex/2026-09-18/create-coding-agents-to-start-work/work/swift64/xcode/SwiftJLS/DerivedData/SDKStatCaches.noindex/macosx27.0-26A425-e829b21a6f8c9b70876ba0858053c0447231f6df4def33e022ae2eb8f782df1a.sdkstatcache -output-file-map /Users/suresh/Documents/Codex/2026-09-18/create-coding-agents-to-start-work/work/swift64/xcode/SwiftJLS/DerivedData/Build/Intermediates.noindex/SwiftJLS.build/Debug/SwiftJLS-t.build/Objects-normal/arm64/SwiftJLS-OutputFileMap.json -save-temps -no-color-diagnostics -explicit-module-build -module-cache-path /Users/suresh/Documents/Codex/2026-09-18/create-coding-agents-to-start-work/work/swift64/xcode/SwiftJLS/DerivedData/Build/Intermediates.noindex/SwiftExplicitPrecompiledModules -clang-scanner-module-cache-path /Users/suresh/Documents/Codex/2026-09-18/create-coding-agents-to-start-work/work/swift64/xcode/SwiftJLS/DerivedData/ModuleCache.noindex -sdk-module-cache-path /Users/suresh/Documents/Codex/2026-09-18/create-coding-agents-to-start-work/work/swift64/xcode/SwiftJLS/DerivedData/SDKExplicitPrecompiledModules -emit-dependencies -emit-module -emit-module-path /Users/suresh/Documents/Codex/2026-09-18/create-coding-agents-to-start-work/work/swift64/xcode/SwiftJLS/DerivedData/Build/Intermediates.noindex/SwiftJLS.build/Debug/SwiftJLS-t.build/Objects-normal/arm64/SwiftJLS.swiftmodule -serialize-diagnostics -dependency-scan-serialize-diagnostics-path /Users/suresh/Documents/Codex/2026-09-18/create-coding-agents-to-start-work/work/swift64/xcode/SwiftJLS/DerivedData/Build/Intermediates.noindex/SwiftJLS.build/Debug/SwiftJLS-t.build/Objects-normal/arm64/SwiftJLS-dependency-scan.dia -validate-clang-modules-once -clang-build-session-file /Users/suresh/Documents/Codex/2026-09-18/create-coding-agents-to-start-work/work/swift64/xcode/SwiftJLS/DerivedData/ModuleCache.noindex/Session.modulevalidation -Xcc -fmodules-prune-interval\=86400 -Xcc -fmodules-prune-after\=345600 -package-name swiftjls -emit-const-values -const-gather-protocols-list /Users/suresh/Documents/Codex/2026-09-18/create-coding-agents-to-start-work/work/swift64/xcode/SwiftJLS/DerivedData/Build/Intermediates.noindex/SwiftJLS.build/Debug/SwiftJLS-t.build/Objects-normal/arm64/SwiftJLS_const_extract_protocols.json -Xcc -I/Users/suresh/Documents/Codex/2026-09-18/create-coding-agents-to-start-work/work/swift64/xcode/SwiftJLS/DerivedData/Build/Products/Debug/include -Xcc -I/Users/suresh/Documents/Codex/2026-09-18/create-coding-agents-to-start-work/work/swift64/xcode/SwiftJLS/DerivedData/Build/Intermediates.noindex/SwiftJLS.build/Debug/SwiftJLS-t.build/DerivedSources-normal/arm64 -Xcc -I/Users/suresh/Documents/Codex/2026-09-18/create-coding-agents-to-start-work/work/swift64/xcode/SwiftJLS/DerivedData/Build/Intermediates.noindex/SwiftJLS.build/Debug/SwiftJLS-t.build/DerivedSources/arm64 -Xcc -I/Users/suresh/Documents/Codex/2026-09-18/create-coding-agents-to-start-work/work/swift64/xcode/SwiftJLS/DerivedData/Build/Intermediates.noindex/SwiftJLS.build/Debug/SwiftJLS-t.build/DerivedSources -Xcc -DSWIFT_PACKAGE -Xcc -DDEBUG\=1 -emit-objc-header -emit-objc-header-path /Users/suresh/Documents/Codex/2026-09-18/create-coding-agents-to-start-work/work/swift64/xcode/SwiftJLS/DerivedData/Build/Intermediates.noindex/SwiftJLS.build/Debug/SwiftJLS-t.build/Objects-normal/arm64/SwiftJLS-Swift.h -working-directory /Users/suresh/Documents/Codex/2026-09-18/create-coding-agents-to-start-work/outputs/SwiftJLS/.swiftpm/xcode -experimental-emit-module-separately -disable-cmo

SwiftExplicitDependencyGeneratePcm arm64 /Users/suresh/Documents/Codex/2026-09-18/create-coding-agents-to-start-work/work/swift64/xcode/SwiftJLS/DerivedData/SDKExplicitPrecompiledModules/ptrauth-DKJZGW73TCSGJR30BBWBF0X6I.pcm

SwiftExplicitDependencyGeneratePcm arm64 /Users/suresh/Documents/Codex/2026-09-18/create-coding-agents-to-start-work/work/swift64/xcode/SwiftJLS/DerivedData/SDKExplicitPrecompiledModules/ptrcheck-B7P8FHHH539UKPU26WHB9IZV2.pcm

SwiftExplicitDependencyGeneratePcm arm64 /Users/suresh/Documents/Codex/2026-09-18/create-coding-agents-to-start-work/work/swift64/xcode/SwiftJLS/DerivedData/SDKExplicitPrecompiledModules/_Builtin_float-8442AYQC46CIXDQJKB5LU7OB0.pcm

SwiftExplicitDependencyGeneratePcm arm64 /Users/suresh/Documents/Codex/2026-09-18/create-coding-agents-to-start-work/work/swift64/xcode/SwiftJLS/DerivedData/SDKExplicitPrecompiledModules/_SwiftConcurrencyShims-1S8UHBQD68PC95OM4FC4V9AE3.pcm

SwiftExplicitDependencyGeneratePcm arm64 /Users/suresh/Documents/Codex/2026-09-18/create-coding-agents-to-start-work/work/swift64/xcode/SwiftJLS/DerivedData/SDKExplicitPrecompiledModules/_AvailabilityInternal-16B2Z9V1TEQ71M9JXUNKW87B1.pcm

SwiftExplicitDependencyGeneratePcm arm64 /Users/suresh/Documents/Codex/2026-09-18/create-coding-agents-to-start-work/work/swift64/xcode/SwiftJLS/DerivedData/SDKExplicitPrecompiledModules/_Builtin_stddef-B50G7QAW048QV8A4D5UVOTSQS.pcm

SwiftExplicitDependencyGeneratePcm arm64 /Users/suresh/Documents/Codex/2026-09-18/create-coding-agents-to-start-work/work/swift64/xcode/SwiftJLS/DerivedData/SDKExplicitPrecompiledModules/_Builtin_stdbool-37FEO39MG2MULHIY5XUXNXWO6.pcm

SwiftExplicitDependencyGeneratePcm arm64 /Users/suresh/Documents/Codex/2026-09-18/create-coding-agents-to-start-work/work/swift64/xcode/SwiftJLS/DerivedData/SDKExplicitPrecompiledModules/SwiftShims-8XHL9UBOBE19EH946RGGT9ZMN.pcm

SwiftExplicitDependencyGeneratePcm arm64 /Users/suresh/Documents/Codex/2026-09-18/create-coding-agents-to-start-work/work/swift64/xcode/SwiftJLS/DerivedData/SDKExplicitPrecompiledModules/_Builtin_stdarg-530VD84GNMPBM5JYA48WD6D9J.pcm

SwiftExplicitDependencyGeneratePcm arm64 /Users/suresh/Documents/Codex/2026-09-18/create-coding-agents-to-start-work/work/swift64/xcode/SwiftJLS/DerivedData/SDKExplicitPrecompiledModules/_DarwinFoundation1-BCB5M7AEMFJTI4TBHQIUF8BTV.pcm

SwiftExplicitDependencyGeneratePcm arm64 /Users/suresh/Documents/Codex/2026-09-18/create-coding-agents-to-start-work/work/swift64/xcode/SwiftJLS/DerivedData/SDKExplicitPrecompiledModules/_DarwinFoundation2-ATSM0SYUHZL820Y59HTW7SYX7.pcm

SwiftExplicitDependencyGeneratePcm arm64 /Users/suresh/Documents/Codex/2026-09-18/create-coding-agents-to-start-work/work/swift64/xcode/SwiftJLS/DerivedData/SDKExplicitPrecompiledModules/_Builtin_limits-8527UTV1UV91TN0L2BSPX4JMP.pcm

SwiftExplicitDependencyGeneratePcm arm64 /Users/suresh/Documents/Codex/2026-09-18/create-coding-agents-to-start-work/work/swift64/xcode/SwiftJLS/DerivedData/SDKExplicitPrecompiledModules/sys_types-13DPNAHNBFFQ49QFJE22HQ1X9.pcm

SwiftExplicitDependencyGeneratePcm arm64 /Users/suresh/Documents/Codex/2026-09-18/create-coding-agents-to-start-work/work/swift64/xcode/SwiftJLS/DerivedData/SDKExplicitPrecompiledModules/string_h-B0GHB3P0FA03KOSRQVUAH4KVQ.pcm

SwiftExplicitDependencyGeneratePcm arm64 /Users/suresh/Documents/Codex/2026-09-18/create-coding-agents-to-start-work/work/swift64/xcode/SwiftJLS/DerivedData/SDKExplicitPrecompiledModules/_Builtin_stdint-7BVI55I4JEM46Z2R8FO6CCUCK.pcm

SwiftExplicitDependencyGeneratePcm arm64 /Users/suresh/Documents/Codex/2026-09-18/create-coding-agents-to-start-work/work/swift64/xcode/SwiftJLS/DerivedData/SDKExplicitPrecompiledModules/libDER-ERID7J1BC69HJAPII6QBE4VDA.pcm

SwiftExplicitDependencyGeneratePcm arm64 /Users/suresh/Documents/Codex/2026-09-18/create-coding-agents-to-start-work/work/swift64/xcode/SwiftJLS/DerivedData/SDKExplicitPrecompiledModules/_DarwinFoundation3-40BU63HZZZ0K18F6OCWT4JQOB.pcm

SwiftExplicitDependencyGeneratePcm arm64 /Users/suresh/Documents/Codex/2026-09-18/create-coding-agents-to-start-work/work/swift64/xcode/SwiftJLS/DerivedData/SDKExplicitPrecompiledModules/_Builtin_inttypes-8KEDEL11QHKV8ALKWUVW2QXZ9.pcm

SwiftExplicitDependencyGeneratePcm arm64 /Users/suresh/Documents/Codex/2026-09-18/create-coding-agents-to-start-work/work/swift64/xcode/SwiftJLS/DerivedData/SDKExplicitPrecompiledModules/Darwin-AB88XR00SUWWN7CN7BLCE4VSL.pcm

SwiftExplicitDependencyGeneratePcm arm64 /Users/suresh/Documents/Codex/2026-09-18/create-coding-agents-to-start-work/work/swift64/xcode/SwiftJLS/DerivedData/SDKExplicitPrecompiledModules/MachO-4V05CUGS79CYFURGRBJ732V5G.pcm

SwiftExplicitDependencyGeneratePcm arm64 /Users/suresh/Documents/Codex/2026-09-18/create-coding-agents-to-start-work/work/swift64/xcode/SwiftJLS/DerivedData/SDKExplicitPrecompiledModules/libkern-8VOOW4S0HDEZPSAF6801ITJUK.pcm

SwiftExplicitDependencyGeneratePcm arm64 /Users/suresh/Documents/Codex/2026-09-18/create-coding-agents-to-start-work/work/swift64/xcode/SwiftJLS/DerivedData/SDKExplicitPrecompiledModules/launch-313V64O52YDFGJMP3Y7K9BANU.pcm

SwiftExplicitDependencyGeneratePcm arm64 /Users/suresh/Documents/Codex/2026-09-18/create-coding-agents-to-start-work/work/swift64/xcode/SwiftJLS/DerivedData/SDKExplicitPrecompiledModules/ObjectiveC-9LZC1W1YF3CK2T6NPE8I7485I.pcm

SwiftExplicitDependencyGeneratePcm arm64 /Users/suresh/Documents/Codex/2026-09-18/create-coding-agents-to-start-work/work/swift64/xcode/SwiftJLS/DerivedData/SDKExplicitPrecompiledModules/os_object-EWCDIL4ZJVB8WQOQY1JB5V7P0.pcm

SwiftExplicitDependencyGeneratePcm arm64 /Users/suresh/Documents/Codex/2026-09-18/create-coding-agents-to-start-work/work/swift64/xcode/SwiftJLS/DerivedData/SDKExplicitPrecompiledModules/os_workgroup-9ZLP1UUNOJP5LBJE6819FLSNA.pcm

SwiftExplicitDependencyGeneratePcm arm64 /Users/suresh/Documents/Codex/2026-09-18/create-coding-agents-to-start-work/work/swift64/xcode/SwiftJLS/DerivedData/SDKExplicitPrecompiledModules/Dispatch-440X34LPK6ZTBF8EPM3O7INU0.pcm

SwiftExplicitDependencyGeneratePcm arm64 /Users/suresh/Documents/Codex/2026-09-18/create-coding-agents-to-start-work/work/swift64/xcode/SwiftJLS/DerivedData/SDKExplicitPrecompiledModules/CoreFoundation-UKX2GR0XLBIG1ZMI7E09Q7UB.pcm

SwiftExplicitDependencyGeneratePcm arm64 /Users/suresh/Documents/Codex/2026-09-18/create-coding-agents-to-start-work/work/swift64/xcode/SwiftJLS/DerivedData/SDKExplicitPrecompiledModules/XPC-D7OBGBDIWFU7TRCFT6WULJ4MY.pcm

SwiftExplicitDependencyGeneratePcm arm64 /Users/suresh/Documents/Codex/2026-09-18/create-coding-agents-to-start-work/work/swift64/xcode/SwiftJLS/DerivedData/SDKExplicitPrecompiledModules/IOKit-CGW769K94QYOEVZDOTHM2H15N.pcm

SwiftExplicitDependencyGeneratePcm arm64 /Users/suresh/Documents/Codex/2026-09-18/create-coding-agents-to-start-work/work/swift64/xcode/SwiftJLS/DerivedData/SDKExplicitPrecompiledModules/CFNetwork-93XCW40911UWTJLA1MVHYGXVH.pcm

SwiftExplicitDependencyGeneratePcm arm64 /Users/suresh/Documents/Codex/2026-09-18/create-coding-agents-to-start-work/work/swift64/xcode/SwiftJLS/DerivedData/SDKExplicitPrecompiledModules/Security-BE9OZKRF1P3DOGA6SDLLU40LS.pcm

SwiftExplicitDependencyGeneratePcm arm64 /Users/suresh/Documents/Codex/2026-09-18/create-coding-agents-to-start-work/work/swift64/xcode/SwiftJLS/DerivedData/SDKExplicitPrecompiledModules/DiskArbitration-1INSI9YM6K73MHBRRTJ33NX3U.pcm

SwiftExplicitDependencyGeneratePcm arm64 /Users/suresh/Documents/Codex/2026-09-18/create-coding-agents-to-start-work/work/swift64/xcode/SwiftJLS/DerivedData/SDKExplicitPrecompiledModules/CoreServices-2FBBLF88HFCZ76Y8O730IJTGB.pcm

SwiftExplicitDependencyGeneratePcm arm64 /Users/suresh/Documents/Codex/2026-09-18/create-coding-agents-to-start-work/work/swift64/xcode/SwiftJLS/DerivedData/SDKExplicitPrecompiledModules/Foundation-7FDCKH8CIYZMTD6Y24I8YR56T.pcm

SwiftEmitModule normal arm64 Emitting\ module\ for\ SwiftJLS (in target 'SwiftJLS' from project 'SwiftJLS')

SwiftCompile normal arm64 (in target 'SwiftJLS' from project 'SwiftJLS')
    cd /Users/suresh/Documents/Codex/2026-09-18/create-coding-agents-to-start-work/outputs/SwiftJLS/.swiftpm/xcode
    

SwiftCompile normal arm64 Compiling\ Options.swift /Users/suresh/Documents/Codex/2026-09-18/create-coding-agents-to-start-work/outputs/SwiftJLS/Sources/SwiftJLS/Options.swift (in target 'SwiftJLS' from project 'SwiftJLS')

SwiftCompile normal arm64 /Users/suresh/Documents/Codex/2026-09-18/create-coding-agents-to-start-work/outputs/SwiftJLS/Sources/SwiftJLS/Options.swift (in target 'SwiftJLS' from project 'SwiftJLS')
    cd /Users/suresh/Documents/Codex/2026-09-18/create-coding-agents-to-start-work/outputs/SwiftJLS/.swiftpm/xcode
    builtin-SwiftPerFileCompile Options.swift

SwiftCompile normal arm64 Compiling\ ImageStorage.swift /Users/suresh/Documents/Codex/2026-09-18/create-coding-agents-to-start-work/outputs/SwiftJLS/Sources/SwiftJLS/ImageStorage.swift (in target 'SwiftJLS' from project 'SwiftJLS')

SwiftCompile normal arm64 /Users/suresh/Documents/Codex/2026-09-18/create-coding-agents-to-start-work/outputs/SwiftJLS/Sources/SwiftJLS/ImageStorage.swift (in target 'SwiftJLS' from project 'SwiftJLS')
    cd /Users/suresh/Documents/Codex/2026-09-18/create-coding-agents-to-start-work/outputs/SwiftJLS/.swiftpm/xcode
    builtin-SwiftPerFileCompile ImageStorage.swift

SwiftDriverJobDiscovery normal arm64 Emitting module for SwiftJLS (in target 'SwiftJLS' from project 'SwiftJLS')

SwiftDriver\ Compilation\ Requirements SwiftJLS normal arm64 com.apple.xcode.tools.swift.compiler (in target 'SwiftJLS' from project 'SwiftJLS')
    cd /Users/suresh/Documents/Codex/2026-09-18/create-coding-agents-to-start-work/outputs/SwiftJLS/.swiftpm/xcode
    builtin-Swift-Compilation-Requirements -- /Applications/Xcode.app/Contents/Developer/Toolchains/XcodeDefault.xctoolchain/usr/bin/swiftc -parse-as-library -module-name SwiftJLS -Onone @/Users/suresh/Documents/Codex/2026-09-18/create-coding-agents-to-start-work/work/swift64/xcode/SwiftJLS/DerivedData/Build/Intermediates.noindex/SwiftJLS.build/Debug/SwiftJLS-t.build/Objects-normal/arm64/SwiftJLS.SwiftFileList -DSWIFT_PACKAGE -DDEBUG -DSWIFT_MODULE_RESOURCE_BUNDLE_UNAVAILABLE -DXcode -plugin-path /Applications/Xcode.app/Contents/Developer/Toolchains/XcodeDefault.xctoolchain/usr/lib/swift/host/plugins/testing -enable-experimental-feature DebugDescriptionMacro -sdk /Applications/Xcode.app/Contents/Developer/Platforms/MacOSX.platform/Developer/SDKs/MacOSX27.0.sdk -target arm64-apple-macos26.0 -g -module-cache-path /Users/suresh/Documents/Codex/2026-09-18/create-coding-agents-to-start-work/work/swift64/xcode/SwiftJLS/DerivedData/ModuleCache.noindex -Xfrontend -serialize-debugging-options -profile-coverage-mapping -profile-generate -enable-testing -index-store-path /Users/suresh/Documents/Codex/2026-09-18/create-coding-agents-to-start-work/work/swift64/xcode/SwiftJLS/DerivedData/Index.noindex/DataStore -Xcc -D_LIBCPP_HARDENING_MODE\=_LIBCPP_HARDENING_MODE_DEBUG -swift-version 6 -I /Users/suresh/Documents/Codex/2026-09-18/create-coding-agents-to-start-work/work/swift64/xcode/SwiftJLS/DerivedData/Build/Products/Debug -Isystem /Applications/Xcode.app/Contents/Developer/Platforms/MacOSX.platform/Developer/usr/lib -F /Users/suresh/Documents/Codex/2026-09-18/create-coding-agents-to-start-work/work/swift64/xcode/SwiftJLS/DerivedData/Build/Products/Debug -F /Applications/Xcode.app/Contents/Developer/Platforms/MacOSX.platform/Developer/Library/Frameworks -c -j18 -enable-batch-mode -incremental -Xcc -ivfsstatcache -Xcc /Users/suresh/Documents/Codex/2026-09-18/create-coding-agents-to-start-work/work/swift64/xcode/SwiftJLS/DerivedData/SDKStatCaches.noindex/macosx27.0-26A425-e829b21a6f8c9b70876ba0858053c0447231f6df4def33e022ae2eb8f782df1a.sdkstatcache -output-file-map /Users/suresh/Documents/Codex/2026-09-18/create-coding-agents-to-start-work/work/swift64/xcode/SwiftJLS/DerivedData/Build/Intermediates.noindex/SwiftJLS.build/Debug/SwiftJLS-t.build/Objects-normal/arm64/SwiftJLS-OutputFileMap.json -save-temps -no-color-diagnostics -explicit-module-build -module-cache-path /Users/suresh/Documents/Codex/2026-09-18/create-coding-agents-to-start-work/work/swift64/xcode/SwiftJLS/DerivedData/Build/Intermediates.noindex/SwiftExplicitPrecompiledModules -clang-scanner-module-cache-path /Users/suresh/Documents/Codex/2026-09-18/create-coding-agents-to-start-work/work/swift64/xcode/SwiftJLS/DerivedData/ModuleCache.noindex -sdk-module-cache-path /Users/suresh/Documents/Codex/2026-09-18/create-coding-agents-to-start-work/work/swift64/xcode/SwiftJLS/DerivedData/SDKExplicitPrecompiledModules -emit-dependencies -emit-module -emit-module-path /Users/suresh/Documents/Codex/2026-09-18/create-coding-agents-to-start-work/work/swift64/xcode/SwiftJLS/DerivedData/Build/Intermediates.noindex/SwiftJLS.build/Debug/SwiftJLS-t.build/Objects-normal/arm64/SwiftJLS.swiftmodule -serialize-diagnostics -dependency-scan-serialize-diagnostics-path /Users/suresh/Documents/Codex/2026-09-18/create-coding-agents-to-start-work/work/swift64/xcode/SwiftJLS/DerivedData/Build/Intermediates.noindex/SwiftJLS.build/Debug/SwiftJLS-t.build/Objects-normal/arm64/SwiftJLS-dependency-scan.dia -validate-clang-modules-once -clang-build-session-file /Users/suresh/Documents/Codex/2026-09-18/create-coding-agents-to-start-work/work/swift64/xcode/SwiftJLS/DerivedData/ModuleCache.noindex/Session.modulevalidation -Xcc -fmodules-prune-interval\=86400 -Xcc -fmodules-prune-after\=345600 -package-name swiftjls -emit-const-values -const-gather-protocols-list /Users/suresh/Documents/Codex/2026-09-18/create-coding-agents-to-start-work/work/swift64/xcode/SwiftJLS/DerivedData/Build/Intermediates.noindex/SwiftJLS.build/Debug/SwiftJLS-t.build/Objects-normal/arm64/SwiftJLS_const_extract_protocols.json -Xcc -I/Users/suresh/Documents/Codex/2026-09-18/create-coding-agents-to-start-work/work/swift64/xcode/SwiftJLS/DerivedData/Build/Products/Debug/include -Xcc -I/Users/suresh/Documents/Codex/2026-09-18/create-coding-agents-to-start-work/work/swift64/xcode/SwiftJLS/DerivedData/Build/Intermediates.noindex/SwiftJLS.build/Debug/SwiftJLS-t.build/DerivedSources-normal/arm64 -Xcc -I/Users/suresh/Documents/Codex/2026-09-18/create-coding-agents-to-start-work/work/swift64/xcode/SwiftJLS/DerivedData/Build/Intermediates.noindex/SwiftJLS.build/Debug/SwiftJLS-t.build/DerivedSources/arm64 -Xcc -I/Users/suresh/Documents/Codex/2026-09-18/create-coding-agents-to-start-work/work/swift64/xcode/SwiftJLS/DerivedData/Build/Intermediates.noindex/SwiftJLS.build/Debug/SwiftJLS-t.build/DerivedSources -Xcc -DSWIFT_PACKAGE -Xcc -DDEBUG\=1 -emit-objc-header -emit-objc-header-path /Users/suresh/Documents/Codex/2026-09-18/create-coding-agents-to-start-work/work/swift64/xcode/SwiftJLS/DerivedData/Build/Intermediates.noindex/SwiftJLS.build/Debug/SwiftJLS-t.build/Objects-normal/arm64/SwiftJLS-Swift.h -working-directory /Users/suresh/Documents/Codex/2026-09-18/create-coding-agents-to-start-work/outputs/SwiftJLS/.swiftpm/xcode -experimental-emit-module-separately -disable-cmo

SwiftDriverJobDiscovery normal arm64 Compiling ImageStorage.swift (in target 'SwiftJLS' from project 'SwiftJLS')

SwiftCompile normal arm64 Compiling\ Errors.swift /Users/suresh/Documents/Codex/2026-09-18/create-coding-agents-to-start-work/outputs/SwiftJLS/Sources/SwiftJLS/Errors.swift (in target 'SwiftJLS' from project 'SwiftJLS')

SwiftCompile normal arm64 /Users/suresh/Documents/Codex/2026-09-18/create-coding-agents-to-start-work/outputs/SwiftJLS/Sources/SwiftJLS/Errors.swift (in target 'SwiftJLS' from project 'SwiftJLS')
    cd /Users/suresh/Documents/Codex/2026-09-18/create-coding-agents-to-start-work/outputs/SwiftJLS/.swiftpm/xcode
    builtin-SwiftPerFileCompile Errors.swift

SwiftCompile normal arm64 Compiling\ Image.swift /Users/suresh/Documents/Codex/2026-09-18/create-coding-agents-to-start-work/outputs/SwiftJLS/Sources/SwiftJLS/Image.swift (in target 'SwiftJLS' from project 'SwiftJLS')

SwiftCompile normal arm64 /Users/suresh/Documents/Codex/2026-09-18/create-coding-agents-to-start-work/outputs/SwiftJLS/Sources/SwiftJLS/Image.swift (in target 'SwiftJLS' from project 'SwiftJLS')
    cd /Users/suresh/Documents/Codex/2026-09-18/create-coding-agents-to-start-work/outputs/SwiftJLS/.swiftpm/xcode
    builtin-SwiftPerFileCompile Image.swift

SwiftDriverJobDiscovery normal arm64 Compiling Options.swift (in target 'SwiftJLS' from project 'SwiftJLS')

SwiftMergeGeneratedHeaders /Users/suresh/Documents/Codex/2026-09-18/create-coding-agents-to-start-work/work/swift64/xcode/SwiftJLS/DerivedData/Build/Intermediates.noindex/GeneratedModuleMaps/SwiftJLS-Swift.h /Users/suresh/Documents/Codex/2026-09-18/create-coding-agents-to-start-work/work/swift64/xcode/SwiftJLS/DerivedData/Build/Intermediates.noindex/SwiftJLS.build/Debug/SwiftJLS-t.build/Objects-normal/arm64/SwiftJLS-Swift.h (in target 'SwiftJLS' from project 'SwiftJLS')
    cd /Users/suresh/Documents/Codex/2026-09-18/create-coding-agents-to-start-work/outputs/SwiftJLS
    builtin-swiftHeaderTool -arch arm64 /Users/suresh/Documents/Codex/2026-09-18/create-coding-agents-to-start-work/work/swift64/xcode/SwiftJLS/DerivedData/Build/Intermediates.noindex/SwiftJLS.build/Debug/SwiftJLS-t.build/Objects-normal/arm64/SwiftJLS-Swift.h -o /Users/suresh/Documents/Codex/2026-09-18/create-coding-agents-to-start-work/work/swift64/xcode/SwiftJLS/DerivedData/Build/Intermediates.noindex/GeneratedModuleMaps/SwiftJLS-Swift.h

SwiftDriverJobDiscovery normal arm64 Compiling Errors.swift (in target 'SwiftJLS' from project 'SwiftJLS')

Copy /Users/suresh/Documents/Codex/2026-09-18/create-coding-agents-to-start-work/work/swift64/xcode/SwiftJLS/DerivedData/Build/Products/Debug/SwiftJLS.swiftmodule/arm64-apple-macos.swiftmodule /Users/suresh/Documents/Codex/2026-09-18/create-coding-agents-to-start-work/work/swift64/xcode/SwiftJLS/DerivedData/Build/Intermediates.noindex/SwiftJLS.build/Debug/SwiftJLS-t.build/Objects-normal/arm64/SwiftJLS.swiftmodule (in target 'SwiftJLS' from project 'SwiftJLS')
    cd /Users/suresh/Documents/Codex/2026-09-18/create-coding-agents-to-start-work/outputs/SwiftJLS
    builtin-copy -exclude .DS_Store -exclude CVS -exclude .svn -exclude .git -exclude .hg -resolve-src-symlinks -rename /Users/suresh/Documents/Codex/2026-09-18/create-coding-agents-to-start-work/work/swift64/xcode/SwiftJLS/DerivedData/Build/Intermediates.noindex/SwiftJLS.build/Debug/SwiftJLS-t.build/Objects-normal/arm64/SwiftJLS.swiftmodule /Users/suresh/Documents/Codex/2026-09-18/create-coding-agents-to-start-work/work/swift64/xcode/SwiftJLS/DerivedData/Build/Products/Debug/SwiftJLS.swiftmodule/arm64-apple-macos.swiftmodule

Copy /Users/suresh/Documents/Codex/2026-09-18/create-coding-agents-to-start-work/work/swift64/xcode/SwiftJLS/DerivedData/Build/Products/Debug/SwiftJLS.swiftmodule/arm64-apple-macos.swiftdoc /Users/suresh/Documents/Codex/2026-09-18/create-coding-agents-to-start-work/work/swift64/xcode/SwiftJLS/DerivedData/Build/Intermediates.noindex/SwiftJLS.build/Debug/SwiftJLS-t.build/Objects-normal/arm64/SwiftJLS.swiftdoc (in target 'SwiftJLS' from project 'SwiftJLS')
    cd /Users/suresh/Documents/Codex/2026-09-18/create-coding-agents-to-start-work/outputs/SwiftJLS
    builtin-copy -exclude .DS_Store -exclude CVS -exclude .svn -exclude .git -exclude .hg -resolve-src-symlinks -rename /Users/suresh/Documents/Codex/2026-09-18/create-coding-agents-to-start-work/work/swift64/xcode/SwiftJLS/DerivedData/Build/Intermediates.noindex/SwiftJLS.build/Debug/SwiftJLS-t.build/Objects-normal/arm64/SwiftJLS.swiftdoc /Users/suresh/Documents/Codex/2026-09-18/create-coding-agents-to-start-work/work/swift64/xcode/SwiftJLS/DerivedData/Build/Products/Debug/SwiftJLS.swiftmodule/arm64-apple-macos.swiftdoc

Copy /Users/suresh/Documents/Codex/2026-09-18/create-coding-agents-to-start-work/work/swift64/xcode/SwiftJLS/DerivedData/Build/Products/Debug/SwiftJLS.swiftmodule/arm64-apple-macos.abi.json /Users/suresh/Documents/Codex/2026-09-18/create-coding-agents-to-start-work/work/swift64/xcode/SwiftJLS/DerivedData/Build/Intermediates.noindex/SwiftJLS.build/Debug/SwiftJLS-t.build/Objects-normal/arm64/SwiftJLS.abi.json (in target 'SwiftJLS' from project 'SwiftJLS')
    cd /Users/suresh/Documents/Codex/2026-09-18/create-coding-agents-to-start-work/outputs/SwiftJLS
    builtin-copy -exclude .DS_Store -exclude CVS -exclude .svn -exclude .git -exclude .hg -resolve-src-symlinks -rename /Users/suresh/Documents/Codex/2026-09-18/create-coding-agents-to-start-work/work/swift64/xcode/SwiftJLS/DerivedData/Build/Intermediates.noindex/SwiftJLS.build/Debug/SwiftJLS-t.build/Objects-normal/arm64/SwiftJLS.abi.json /Users/suresh/Documents/Codex/2026-09-18/create-coding-agents-to-start-work/work/swift64/xcode/SwiftJLS/DerivedData/Build/Products/Debug/SwiftJLS.swiftmodule/arm64-apple-macos.abi.json

Copy /Users/suresh/Documents/Codex/2026-09-18/create-coding-agents-to-start-work/work/swift64/xcode/SwiftJLS/DerivedData/Build/Products/Debug/SwiftJLS.swiftmodule/Project/arm64-apple-macos.swiftsourceinfo /Users/suresh/Documents/Codex/2026-09-18/create-coding-agents-to-start-work/work/swift64/xcode/SwiftJLS/DerivedData/Build/Intermediates.noindex/SwiftJLS.build/Debug/SwiftJLS-t.build/Objects-normal/arm64/SwiftJLS.swiftsourceinfo (in target 'SwiftJLS' from project 'SwiftJLS')
    cd /Users/suresh/Documents/Codex/2026-09-18/create-coding-agents-to-start-work/outputs/SwiftJLS
    builtin-copy -exclude .DS_Store -exclude CVS -exclude .svn -exclude .git -exclude .hg -resolve-src-symlinks -rename /Users/suresh/Documents/Codex/2026-09-18/create-coding-agents-to-start-work/work/swift64/xcode/SwiftJLS/DerivedData/Build/Intermediates.noindex/SwiftJLS.build/Debug/SwiftJLS-t.build/Objects-normal/arm64/SwiftJLS.swiftsourceinfo /Users/suresh/Documents/Codex/2026-09-18/create-coding-agents-to-start-work/work/swift64/xcode/SwiftJLS/DerivedData/Build/Products/Debug/SwiftJLS.swiftmodule/Project/arm64-apple-macos.swiftsourceinfo

SwiftCompile normal arm64 Compiling\ CodecAPI.swift /Users/suresh/Documents/Codex/2026-09-18/create-coding-agents-to-start-work/outputs/SwiftJLS/Sources/SwiftJLS/CodecAPI.swift (in target 'SwiftJLS' from project 'SwiftJLS')

SwiftCompile normal arm64 /Users/suresh/Documents/Codex/2026-09-18/create-coding-agents-to-start-work/outputs/SwiftJLS/Sources/SwiftJLS/CodecAPI.swift (in target 'SwiftJLS' from project 'SwiftJLS')
    cd /Users/suresh/Documents/Codex/2026-09-18/create-coding-agents-to-start-work/outputs/SwiftJLS/.swiftpm/xcode
    builtin-SwiftPerFileCompile CodecAPI.swift

SwiftDriverJobDiscovery normal arm64 Compiling Image.swift (in target 'SwiftJLS' from project 'SwiftJLS')

SwiftCompile normal arm64 Compiling\ ImageDescriptor.swift /Users/suresh/Documents/Codex/2026-09-18/create-coding-agents-to-start-work/outputs/SwiftJLS/Sources/SwiftJLS/ImageDescriptor.swift (in target 'SwiftJLS' from project 'SwiftJLS')

SwiftCompile normal arm64 /Users/suresh/Documents/Codex/2026-09-18/create-coding-agents-to-start-work/outputs/SwiftJLS/Sources/SwiftJLS/ImageDescriptor.swift (in target 'SwiftJLS' from project 'SwiftJLS')
    cd /Users/suresh/Documents/Codex/2026-09-18/create-coding-agents-to-start-work/outputs/SwiftJLS/.swiftpm/xcode
    builtin-SwiftPerFileCompile ImageDescriptor.swift

SwiftDriverJobDiscovery normal arm64 Compiling CodecAPI.swift (in target 'SwiftJLS' from project 'SwiftJLS')

SwiftDriver SwiftJLSTests normal arm64 com.apple.xcode.tools.swift.compiler (in target 'SwiftJLSTests-product' from project 'SwiftJLS')
    cd /Users/suresh/Documents/Codex/2026-09-18/create-coding-agents-to-start-work/outputs/SwiftJLS/.swiftpm/xcode
    builtin-SwiftDriver -- /Applications/Xcode.app/Contents/Developer/Toolchains/XcodeDefault.xctoolchain/usr/bin/swiftc -parse-as-library -module-name SwiftJLSTests -Onone @/Users/suresh/Documents/Codex/2026-09-18/create-coding-agents-to-start-work/work/swift64/xcode/SwiftJLS/DerivedData/Build/Intermediates.noindex/SwiftJLS.build/Debug/SwiftJLSTests-p.build/Objects-normal/arm64/SwiftJLSTests.SwiftFileList -DSWIFT_PACKAGE -DDEBUG -DXcode -plugin-path /Applications/Xcode.app/Contents/Developer/Toolchains/XcodeDefault.xctoolchain/usr/lib/swift/host/plugins/testing -enable-experimental-feature DebugDescriptionMacro -sdk /Applications/Xcode.app/Contents/Developer/Platforms/MacOSX.platform/Developer/SDKs/MacOSX27.0.sdk -target arm64-apple-macos26.0 -g -module-cache-path /Users/suresh/Documents/Codex/2026-09-18/create-coding-agents-to-start-work/work/swift64/xcode/SwiftJLS/DerivedData/ModuleCache.noindex -Xfrontend -serialize-debugging-options -profile-coverage-mapping -profile-generate -enable-testing -index-store-path /Users/suresh/Documents/Codex/2026-09-18/create-coding-agents-to-start-work/work/swift64/xcode/SwiftJLS/DerivedData/Index.noindex/DataStore -Xcc -D_LIBCPP_HARDENING_MODE\=_LIBCPP_HARDENING_MODE_DEBUG -swift-version 6 -I /Users/suresh/Documents/Codex/2026-09-18/create-coding-agents-to-start-work/work/swift64/xcode/SwiftJLS/DerivedData/Build/Products/Debug -Isystem /Applications/Xcode.app/Contents/Developer/Platforms/MacOSX.platform/Developer/usr/lib -F /Users/suresh/Documents/Codex/2026-09-18/create-coding-agents-to-start-work/work/swift64/xcode/SwiftJLS/DerivedData/Build/Products/Debug/PackageFrameworks -F /Users/suresh/Documents/Codex/2026-09-18/create-coding-agents-to-start-work/work/swift64/xcode/SwiftJLS/DerivedData/Build/Products/Debug -F /Applications/Xcode.app/Contents/Developer/Platforms/MacOSX.platform/Developer/Library/Frameworks -c -j18 -enable-batch-mode -incremental -Xcc -ivfsstatcache -Xcc /Users/suresh/Documents/Codex/2026-09-18/create-coding-agents-to-start-work/work/swift64/xcode/SwiftJLS/DerivedData/SDKStatCaches.noindex/macosx27.0-26A425-e829b21a6f8c9b70876ba0858053c0447231f6df4def33e022ae2eb8f782df1a.sdkstatcache -output-file-map /Users/suresh/Documents/Codex/2026-09-18/create-coding-agents-to-start-work/work/swift64/xcode/SwiftJLS/DerivedData/Build/Intermediates.noindex/SwiftJLS.build/Debug/SwiftJLSTests-p.build/Objects-normal/arm64/SwiftJLSTests-OutputFileMap.json -save-temps -no-color-diagnostics -explicit-module-build -module-cache-path /Users/suresh/Documents/Codex/2026-09-18/create-coding-agents-to-start-work/work/swift64/xcode/SwiftJLS/DerivedData/Build/Intermediates.noindex/SwiftExplicitPrecompiledModules -clang-scanner-module-cache-path /Users/suresh/Documents/Codex/2026-09-18/create-coding-agents-to-start-work/work/swift64/xcode/SwiftJLS/DerivedData/ModuleCache.noindex -sdk-module-cache-path /Users/suresh/Documents/Codex/2026-09-18/create-coding-agents-to-start-work/work/swift64/xcode/SwiftJLS/DerivedData/SDKExplicitPrecompiledModules -emit-dependencies -emit-module -emit-module-path /Users/suresh/Documents/Codex/2026-09-18/create-coding-agents-to-start-work/work/swift64/xcode/SwiftJLS/DerivedData/Build/Intermediates.noindex/SwiftJLS.build/Debug/SwiftJLSTests-p.build/Objects-normal/arm64/SwiftJLSTests.swiftmodule -serialize-diagnostics -dependency-scan-serialize-diagnostics-path /Users/suresh/Documents/Codex/2026-09-18/create-coding-agents-to-start-work/work/swift64/xcode/SwiftJLS/DerivedData/Build/Intermediates.noindex/SwiftJLS.build/Debug/SwiftJLSTests-p.build/Objects-normal/arm64/SwiftJLSTests-dependency-scan.dia -validate-clang-modules-once -clang-build-session-file /Users/suresh/Documents/Codex/2026-09-18/create-coding-agents-to-start-work/work/swift64/xcode/SwiftJLS/DerivedData/ModuleCache.noindex/Session.modulevalidation -Xcc -fmodules-prune-interval\=86400 -Xcc -fmodules-prune-after\=345600 -package-name swiftjls -emit-const-values -const-gather-protocols-list /Users/suresh/Documents/Codex/2026-09-18/create-coding-agents-to-start-work/work/swift64/xcode/SwiftJLS/DerivedData/Build/Intermediates.noindex/SwiftJLS.build/Debug/SwiftJLSTests-p.build/Objects-normal/arm64/SwiftJLSTests_const_extract_protocols.json -Xcc -I/Users/suresh/Documents/Codex/2026-09-18/create-coding-agents-to-start-work/work/swift64/xcode/SwiftJLS/DerivedData/Build/Products/Debug/include -Xcc -I/Users/suresh/Documents/Codex/2026-09-18/create-coding-agents-to-start-work/work/swift64/xcode/SwiftJLS/DerivedData/Build/Intermediates.noindex/SwiftJLS.build/Debug/SwiftJLSTests-p.build/DerivedSources-normal/arm64 -Xcc -I/Users/suresh/Documents/Codex/2026-09-18/create-coding-agents-to-start-work/work/swift64/xcode/SwiftJLS/DerivedData/Build/Intermediates.noindex/SwiftJLS.build/Debug/SwiftJLSTests-p.build/DerivedSources/arm64 -Xcc -I/Users/suresh/Documents/Codex/2026-09-18/create-coding-agents-to-start-work/work/swift64/xcode/SwiftJLS/DerivedData/Build/Intermediates.noindex/SwiftJLS.build/Debug/SwiftJLSTests-p.build/DerivedSources -Xcc -DSWIFT_PACKAGE -Xcc -DDEBUG\=1 -working-directory /Users/suresh/Documents/Codex/2026-09-18/create-coding-agents-to-start-work/outputs/SwiftJLS/.swiftpm/xcode -experimental-emit-module-separately -disable-cmo

SwiftDriverJobDiscovery normal arm64 Compiling ImageDescriptor.swift (in target 'SwiftJLS' from project 'SwiftJLS')

SwiftDriver\ Compilation SwiftJLS normal arm64 com.apple.xcode.tools.swift.compiler (in target 'SwiftJLS' from project 'SwiftJLS')
    cd /Users/suresh/Documents/Codex/2026-09-18/create-coding-agents-to-start-work/outputs/SwiftJLS/.swiftpm/xcode
    builtin-Swift-Compilation -- /Applications/Xcode.app/Contents/Developer/Toolchains/XcodeDefault.xctoolchain/usr/bin/swiftc -parse-as-library -module-name SwiftJLS -Onone @/Users/suresh/Documents/Codex/2026-09-18/create-coding-agents-to-start-work/work/swift64/xcode/SwiftJLS/DerivedData/Build/Intermediates.noindex/SwiftJLS.build/Debug/SwiftJLS-t.build/Objects-normal/arm64/SwiftJLS.SwiftFileList -DSWIFT_PACKAGE -DDEBUG -DSWIFT_MODULE_RESOURCE_BUNDLE_UNAVAILABLE -DXcode -plugin-path /Applications/Xcode.app/Contents/Developer/Toolchains/XcodeDefault.xctoolchain/usr/lib/swift/host/plugins/testing -enable-experimental-feature DebugDescriptionMacro -sdk /Applications/Xcode.app/Contents/Developer/Platforms/MacOSX.platform/Developer/SDKs/MacOSX27.0.sdk -target arm64-apple-macos26.0 -g -module-cache-path /Users/suresh/Documents/Codex/2026-09-18/create-coding-agents-to-start-work/work/swift64/xcode/SwiftJLS/DerivedData/ModuleCache.noindex -Xfrontend -serialize-debugging-options -profile-coverage-mapping -profile-generate -enable-testing -index-store-path /Users/suresh/Documents/Codex/2026-09-18/create-coding-agents-to-start-work/work/swift64/xcode/SwiftJLS/DerivedData/Index.noindex/DataStore -Xcc -D_LIBCPP_HARDENING_MODE\=_LIBCPP_HARDENING_MODE_DEBUG -swift-version 6 -I /Users/suresh/Documents/Codex/2026-09-18/create-coding-agents-to-start-work/work/swift64/xcode/SwiftJLS/DerivedData/Build/Products/Debug -Isystem /Applications/Xcode.app/Contents/Developer/Platforms/MacOSX.platform/Developer/usr/lib -F /Users/suresh/Documents/Codex/2026-09-18/create-coding-agents-to-start-work/work/swift64/xcode/SwiftJLS/DerivedData/Build/Products/Debug -F /Applications/Xcode.app/Contents/Developer/Platforms/MacOSX.platform/Developer/Library/Frameworks -c -j18 -enable-batch-mode -incremental -Xcc -ivfsstatcache -Xcc /Users/suresh/Documents/Codex/2026-09-18/create-coding-agents-to-start-work/work/swift64/xcode/SwiftJLS/DerivedData/SDKStatCaches.noindex/macosx27.0-26A425-e829b21a6f8c9b70876ba0858053c0447231f6df4def33e022ae2eb8f782df1a.sdkstatcache -output-file-map /Users/suresh/Documents/Codex/2026-09-18/create-coding-agents-to-start-work/work/swift64/xcode/SwiftJLS/DerivedData/Build/Intermediates.noindex/SwiftJLS.build/Debug/SwiftJLS-t.build/Objects-normal/arm64/SwiftJLS-OutputFileMap.json -save-temps -no-color-diagnostics -explicit-module-build -module-cache-path /Users/suresh/Documents/Codex/2026-09-18/create-coding-agents-to-start-work/work/swift64/xcode/SwiftJLS/DerivedData/Build/Intermediates.noindex/SwiftExplicitPrecompiledModules -clang-scanner-module-cache-path /Users/suresh/Documents/Codex/2026-09-18/create-coding-agents-to-start-work/work/swift64/xcode/SwiftJLS/DerivedData/ModuleCache.noindex -sdk-module-cache-path /Users/suresh/Documents/Codex/2026-09-18/create-coding-agents-to-start-work/work/swift64/xcode/SwiftJLS/DerivedData/SDKExplicitPrecompiledModules -emit-dependencies -emit-module -emit-module-path /Users/suresh/Documents/Codex/2026-09-18/create-coding-agents-to-start-work/work/swift64/xcode/SwiftJLS/DerivedData/Build/Intermediates.noindex/SwiftJLS.build/Debug/SwiftJLS-t.build/Objects-normal/arm64/SwiftJLS.swiftmodule -serialize-diagnostics -dependency-scan-serialize-diagnostics-path /Users/suresh/Documents/Codex/2026-09-18/create-coding-agents-to-start-work/work/swift64/xcode/SwiftJLS/DerivedData/Build/Intermediates.noindex/SwiftJLS.build/Debug/SwiftJLS-t.build/Objects-normal/arm64/SwiftJLS-dependency-scan.dia -validate-clang-modules-once -clang-build-session-file /Users/suresh/Documents/Codex/2026-09-18/create-coding-agents-to-start-work/work/swift64/xcode/SwiftJLS/DerivedData/ModuleCache.noindex/Session.modulevalidation -Xcc -fmodules-prune-interval\=86400 -Xcc -fmodules-prune-after\=345600 -package-name swiftjls -emit-const-values -const-gather-protocols-list /Users/suresh/Documents/Codex/2026-09-18/create-coding-agents-to-start-work/work/swift64/xcode/SwiftJLS/DerivedData/Build/Intermediates.noindex/SwiftJLS.build/Debug/SwiftJLS-t.build/Objects-normal/arm64/SwiftJLS_const_extract_protocols.json -Xcc -I/Users/suresh/Documents/Codex/2026-09-18/create-coding-agents-to-start-work/work/swift64/xcode/SwiftJLS/DerivedData/Build/Products/Debug/include -Xcc -I/Users/suresh/Documents/Codex/2026-09-18/create-coding-agents-to-start-work/work/swift64/xcode/SwiftJLS/DerivedData/Build/Intermediates.noindex/SwiftJLS.build/Debug/SwiftJLS-t.build/DerivedSources-normal/arm64 -Xcc -I/Users/suresh/Documents/Codex/2026-09-18/create-coding-agents-to-start-work/work/swift64/xcode/SwiftJLS/DerivedData/Build/Intermediates.noindex/SwiftJLS.build/Debug/SwiftJLS-t.build/DerivedSources/arm64 -Xcc -I/Users/suresh/Documents/Codex/2026-09-18/create-coding-agents-to-start-work/work/swift64/xcode/SwiftJLS/DerivedData/Build/Intermediates.noindex/SwiftJLS.build/Debug/SwiftJLS-t.build/DerivedSources -Xcc -DSWIFT_PACKAGE -Xcc -DDEBUG\=1 -emit-objc-header -emit-objc-header-path /Users/suresh/Documents/Codex/2026-09-18/create-coding-agents-to-start-work/work/swift64/xcode/SwiftJLS/DerivedData/Build/Intermediates.noindex/SwiftJLS.build/Debug/SwiftJLS-t.build/Objects-normal/arm64/SwiftJLS-Swift.h -working-directory /Users/suresh/Documents/Codex/2026-09-18/create-coding-agents-to-start-work/outputs/SwiftJLS/.swiftpm/xcode -experimental-emit-module-separately -disable-cmo

Ld /Users/suresh/Documents/Codex/2026-09-18/create-coding-agents-to-start-work/work/swift64/xcode/SwiftJLS/DerivedData/Build/Products/Debug/SwiftJLS.o normal (in target 'SwiftJLS' from project 'SwiftJLS')
    cd /Users/suresh/Documents/Codex/2026-09-18/create-coding-agents-to-start-work/outputs/SwiftJLS
    /Applications/Xcode.app/Contents/Developer/Toolchains/XcodeDefault.xctoolchain/usr/bin/clang -Xlinker -reproducible -target arm64-apple-macos26.0 -r -isysroot /Applications/Xcode.app/Contents/Developer/Platforms/MacOSX.platform/Developer/SDKs/MacOSX27.0.sdk -O0 -Xlinker -no_warn_duplicate_libraries -F/Users/suresh/Documents/Codex/2026-09-18/create-coding-agents-to-start-work/work/swift64/xcode/SwiftJLS/DerivedData/Build/Intermediates.noindex/EagerLinkingTBDs/Debug -F/Users/suresh/Documents/Codex/2026-09-18/create-coding-agents-to-start-work/work/swift64/xcode/SwiftJLS/DerivedData/Build/Products/Debug -iframework /Applications/Xcode.app/Contents/Developer/Platforms/MacOSX.platform/Developer/Library/Frameworks -filelist /Users/suresh/Documents/Codex/2026-09-18/create-coding-agents-to-start-work/work/swift64/xcode/SwiftJLS/DerivedData/Build/Intermediates.noindex/SwiftJLS.build/Debug/SwiftJLS-t.build/Objects-normal/arm64/SwiftJLS.LinkFileList -nostdlib -Xlinker -object_path_lto -Xlinker /Users/suresh/Documents/Codex/2026-09-18/create-coding-agents-to-start-work/work/swift64/xcode/SwiftJLS/DerivedData/Build/Intermediates.noindex/SwiftJLS.build/Debug/SwiftJLS-t.build/Objects-normal/arm64/SwiftJLS_lto.o -Xlinker -no_deduplicate -Xlinker -debug_variant -Xlinker -dependency_info -Xlinker /Users/suresh/Documents/Codex/2026-09-18/create-coding-agents-to-start-work/work/swift64/xcode/SwiftJLS/DerivedData/Build/Intermediates.noindex/SwiftJLS.build/Debug/SwiftJLS-t.build/Objects-normal/arm64/SwiftJLS_dependency_info.dat -fobjc-link-runtime -L/Applications/Xcode.app/Contents/Developer/Toolchains/XcodeDefault.xctoolchain/usr/lib/swift/macosx -L/usr/lib/swift -Xlinker -add_ast_path -Xlinker /Users/suresh/Documents/Codex/2026-09-18/create-coding-agents-to-start-work/work/swift64/xcode/SwiftJLS/DerivedData/Build/Intermediates.noindex/SwiftJLS.build/Debug/SwiftJLS-t.build/Objects-normal/arm64/SwiftJLS.swiftmodule -o /Users/suresh/Documents/Codex/2026-09-18/create-coding-agents-to-start-work/work/swift64/xcode/SwiftJLS/DerivedData/Build/Products/Debug/SwiftJLS.o

ExtractAppIntentsMetadata (in target 'SwiftJLS' from project 'SwiftJLS')
    cd /Users/suresh/Documents/Codex/2026-09-18/create-coding-agents-to-start-work/outputs/SwiftJLS
    /Applications/Xcode.app/Contents/Developer/Toolchains/XcodeDefault.xctoolchain/usr/bin/appintentsmetadataprocessor --toolchain-dir /var/run/com.apple.security.cryptexd/mnt/com.apple.MobileAsset.MetalToolchain-v27.1.266.1.2eg2cZ/Metal.xctoolchain --module-name SwiftJLS --sdk-root /Applications/Xcode.app/Contents/Developer/Platforms/MacOSX.platform/Developer/SDKs/MacOSX27.0.sdk --xcode-version 27A266a --platform-family macOS --deployment-target 26.0 --bundle-identifier swiftjls.SwiftJLS --output /Users/suresh/Documents/Codex/2026-09-18/create-coding-agents-to-start-work/work/swift64/xcode/SwiftJLS/DerivedData/Build/Products/Debug/SwiftJLS.appintents --target-triple arm64-apple-macos26.0 --binary-file /Users/suresh/Documents/Codex/2026-09-18/create-coding-agents-to-start-work/work/swift64/xcode/SwiftJLS/DerivedData/Build/Products/Debug/SwiftJLS.o --dependency-file /Users/suresh/Documents/Codex/2026-09-18/create-coding-agents-to-start-work/work/swift64/xcode/SwiftJLS/DerivedData/Build/Intermediates.noindex/SwiftJLS.build/Debug/SwiftJLS-t.build/Objects-normal/arm64/SwiftJLS_dependency_info.dat --stringsdata-file /Users/suresh/Documents/Codex/2026-09-18/create-coding-agents-to-start-work/work/swift64/xcode/SwiftJLS/DerivedData/Build/Intermediates.noindex/SwiftJLS.build/Debug/SwiftJLS-t.build/Objects-normal/arm64/ExtractedAppShortcutsMetadata.stringsdata --source-file-list /Users/suresh/Documents/Codex/2026-09-18/create-coding-agents-to-start-work/work/swift64/xcode/SwiftJLS/DerivedData/Build/Intermediates.noindex/SwiftJLS.build/Debug/SwiftJLS-t.build/Objects-normal/arm64/SwiftJLS.SwiftFileList --metadata-file-list /Users/suresh/Documents/Codex/2026-09-18/create-coding-agents-to-start-work/work/swift64/xcode/SwiftJLS/DerivedData/Build/Intermediates.noindex/SwiftJLS.build/Debug/SwiftJLS-t.build/SwiftJLS.DependencyMetadataFileList --static-metadata-file-list /Users/suresh/Documents/Codex/2026-09-18/create-coding-agents-to-start-work/work/swift64/xcode/SwiftJLS/DerivedData/Build/Intermediates.noindex/SwiftJLS.build/Debug/SwiftJLS-t.build/SwiftJLS.DependencyStaticMetadataFileList --swift-const-vals-list /Users/suresh/Documents/Codex/2026-09-18/create-coding-agents-to-start-work/work/swift64/xcode/SwiftJLS/DerivedData/Build/Intermediates.noindex/SwiftJLS.build/Debug/SwiftJLS-t.build/Objects-normal/arm64/SwiftJLS.SwiftConstValuesFileList --force --compile-time-extraction --deployment-aware-processing --no-app-shortcuts-localization
2026-09-19 03:46:39.480 appintentsmetadataprocessor[13604:2775926] Starting appintentsmetadataprocessor export
2026-09-19 03:46:39.521 appintentsmetadataprocessor[13604:2775926] Extracted no relevant App Intents symbols, skipping writing output

ProcessInfoPlistFile /Users/suresh/Documents/Codex/2026-09-18/create-coding-agents-to-start-work/work/swift64/xcode/SwiftJLS/DerivedData/Build/Products/Debug/SwiftJLSTests.xctest/Contents/Info.plist /Users/suresh/Documents/Codex/2026-09-18/create-coding-agents-to-start-work/work/swift64/xcode/SwiftJLS/DerivedData/Build/Intermediates.noindex/SwiftJLS.build/Debug/SwiftJLSTests-p.build/empty-SwiftJLSTests.plist (in target 'SwiftJLSTests-product' from project 'SwiftJLS')
    cd /Users/suresh/Documents/Codex/2026-09-18/create-coding-agents-to-start-work/outputs/SwiftJLS
    builtin-infoPlistUtility /Users/suresh/Documents/Codex/2026-09-18/create-coding-agents-to-start-work/work/swift64/xcode/SwiftJLS/DerivedData/Build/Intermediates.noindex/SwiftJLS.build/Debug/SwiftJLSTests-p.build/empty-SwiftJLSTests.plist -producttype com.apple.product-type.bundle.unit-test -expandbuildsettings -platform macosx -o /Users/suresh/Documents/Codex/2026-09-18/create-coding-agents-to-start-work/work/swift64/xcode/SwiftJLS/DerivedData/Build/Products/Debug/SwiftJLSTests.xctest/Contents/Info.plist

SwiftExplicitDependencyCompileModuleFromInterface arm64 /Users/suresh/Documents/Codex/2026-09-18/create-coding-agents-to-start-work/work/swift64/xcode/SwiftJLS/DerivedData/Build/Intermediates.noindex/SwiftExplicitPrecompiledModules/Testing-2CCIHKTDSF8Y0.swiftmodule

SwiftExplicitDependencyCompileModuleFromInterface arm64 /Users/suresh/Documents/Codex/2026-09-18/create-coding-agents-to-start-work/work/swift64/xcode/SwiftJLS/DerivedData/Build/Intermediates.noindex/SwiftExplicitPrecompiledModules/_Testing_Foundation-F789S2OSIREF.swiftmodule

SwiftEmitModule normal arm64 Emitting\ module\ for\ SwiftJLSTests (in target 'SwiftJLSTests-product' from project 'SwiftJLS')

SwiftCompile normal arm64 (in target 'SwiftJLSTests-product' from project 'SwiftJLS')
    cd /Users/suresh/Documents/Codex/2026-09-18/create-coding-agents-to-start-work/outputs/SwiftJLS/.swiftpm/xcode
    

SwiftCompile normal arm64 Compiling\ OwnershipTests.swift /Users/suresh/Documents/Codex/2026-09-18/create-coding-agents-to-start-work/outputs/SwiftJLS/Tests/SwiftJLSTests/OwnershipTests.swift (in target 'SwiftJLSTests-product' from project 'SwiftJLS')

SwiftCompile normal arm64 /Users/suresh/Documents/Codex/2026-09-18/create-coding-agents-to-start-work/outputs/SwiftJLS/Tests/SwiftJLSTests/OwnershipTests.swift (in target 'SwiftJLSTests-product' from project 'SwiftJLS')
    cd /Users/suresh/Documents/Codex/2026-09-18/create-coding-agents-to-start-work/outputs/SwiftJLS/.swiftpm/xcode
    builtin-SwiftPerFileCompile OwnershipTests.swift

SwiftCompile normal arm64 Compiling\ Swift64SampleAccessTests.swift /Users/suresh/Documents/Codex/2026-09-18/create-coding-agents-to-start-work/outputs/SwiftJLS/Tests/SwiftJLSTests/Swift64SampleAccessTests.swift (in target 'SwiftJLSTests-product' from project 'SwiftJLS')

SwiftCompile normal arm64 /Users/suresh/Documents/Codex/2026-09-18/create-coding-agents-to-start-work/outputs/SwiftJLS/Tests/SwiftJLSTests/Swift64SampleAccessTests.swift (in target 'SwiftJLSTests-product' from project 'SwiftJLS')
    cd /Users/suresh/Documents/Codex/2026-09-18/create-coding-agents-to-start-work/outputs/SwiftJLS/.swiftpm/xcode
    builtin-SwiftPerFileCompile Swift64SampleAccessTests.swift

SwiftDriverJobDiscovery normal arm64 Emitting module for SwiftJLSTests (in target 'SwiftJLSTests-product' from project 'SwiftJLS')

SwiftDriver\ Compilation\ Requirements SwiftJLSTests normal arm64 com.apple.xcode.tools.swift.compiler (in target 'SwiftJLSTests-product' from project 'SwiftJLS')
    cd /Users/suresh/Documents/Codex/2026-09-18/create-coding-agents-to-start-work/outputs/SwiftJLS/.swiftpm/xcode
    builtin-Swift-Compilation-Requirements -- /Applications/Xcode.app/Contents/Developer/Toolchains/XcodeDefault.xctoolchain/usr/bin/swiftc -parse-as-library -module-name SwiftJLSTests -Onone @/Users/suresh/Documents/Codex/2026-09-18/create-coding-agents-to-start-work/work/swift64/xcode/SwiftJLS/DerivedData/Build/Intermediates.noindex/SwiftJLS.build/Debug/SwiftJLSTests-p.build/Objects-normal/arm64/SwiftJLSTests.SwiftFileList -DSWIFT_PACKAGE -DDEBUG -DXcode -plugin-path /Applications/Xcode.app/Contents/Developer/Toolchains/XcodeDefault.xctoolchain/usr/lib/swift/host/plugins/testing -enable-experimental-feature DebugDescriptionMacro -sdk /Applications/Xcode.app/Contents/Developer/Platforms/MacOSX.platform/Developer/SDKs/MacOSX27.0.sdk -target arm64-apple-macos26.0 -g -module-cache-path /Users/suresh/Documents/Codex/2026-09-18/create-coding-agents-to-start-work/work/swift64/xcode/SwiftJLS/DerivedData/ModuleCache.noindex -Xfrontend -serialize-debugging-options -profile-coverage-mapping -profile-generate -enable-testing -index-store-path /Users/suresh/Documents/Codex/2026-09-18/create-coding-agents-to-start-work/work/swift64/xcode/SwiftJLS/DerivedData/Index.noindex/DataStore -Xcc -D_LIBCPP_HARDENING_MODE\=_LIBCPP_HARDENING_MODE_DEBUG -swift-version 6 -I /Users/suresh/Documents/Codex/2026-09-18/create-coding-agents-to-start-work/work/swift64/xcode/SwiftJLS/DerivedData/Build/Products/Debug -Isystem /Applications/Xcode.app/Contents/Developer/Platforms/MacOSX.platform/Developer/usr/lib -F /Users/suresh/Documents/Codex/2026-09-18/create-coding-agents-to-start-work/work/swift64/xcode/SwiftJLS/DerivedData/Build/Products/Debug/PackageFrameworks -F /Users/suresh/Documents/Codex/2026-09-18/create-coding-agents-to-start-work/work/swift64/xcode/SwiftJLS/DerivedData/Build/Products/Debug -F /Applications/Xcode.app/Contents/Developer/Platforms/MacOSX.platform/Developer/Library/Frameworks -c -j18 -enable-batch-mode -incremental -Xcc -ivfsstatcache -Xcc /Users/suresh/Documents/Codex/2026-09-18/create-coding-agents-to-start-work/work/swift64/xcode/SwiftJLS/DerivedData/SDKStatCaches.noindex/macosx27.0-26A425-e829b21a6f8c9b70876ba0858053c0447231f6df4def33e022ae2eb8f782df1a.sdkstatcache -output-file-map /Users/suresh/Documents/Codex/2026-09-18/create-coding-agents-to-start-work/work/swift64/xcode/SwiftJLS/DerivedData/Build/Intermediates.noindex/SwiftJLS.build/Debug/SwiftJLSTests-p.build/Objects-normal/arm64/SwiftJLSTests-OutputFileMap.json -save-temps -no-color-diagnostics -explicit-module-build -module-cache-path /Users/suresh/Documents/Codex/2026-09-18/create-coding-agents-to-start-work/work/swift64/xcode/SwiftJLS/DerivedData/Build/Intermediates.noindex/SwiftExplicitPrecompiledModules -clang-scanner-module-cache-path /Users/suresh/Documents/Codex/2026-09-18/create-coding-agents-to-start-work/work/swift64/xcode/SwiftJLS/DerivedData/ModuleCache.noindex -sdk-module-cache-path /Users/suresh/Documents/Codex/2026-09-18/create-coding-agents-to-start-work/work/swift64/xcode/SwiftJLS/DerivedData/SDKExplicitPrecompiledModules -emit-dependencies -emit-module -emit-module-path /Users/suresh/Documents/Codex/2026-09-18/create-coding-agents-to-start-work/work/swift64/xcode/SwiftJLS/DerivedData/Build/Intermediates.noindex/SwiftJLS.build/Debug/SwiftJLSTests-p.build/Objects-normal/arm64/SwiftJLSTests.swiftmodule -serialize-diagnostics -dependency-scan-serialize-diagnostics-path /Users/suresh/Documents/Codex/2026-09-18/create-coding-agents-to-start-work/work/swift64/xcode/SwiftJLS/DerivedData/Build/Intermediates.noindex/SwiftJLS.build/Debug/SwiftJLSTests-p.build/Objects-normal/arm64/SwiftJLSTests-dependency-scan.dia -validate-clang-modules-once -clang-build-session-file /Users/suresh/Documents/Codex/2026-09-18/create-coding-agents-to-start-work/work/swift64/xcode/SwiftJLS/DerivedData/ModuleCache.noindex/Session.modulevalidation -Xcc -fmodules-prune-interval\=86400 -Xcc -fmodules-prune-after\=345600 -package-name swiftjls -emit-const-values -const-gather-protocols-list /Users/suresh/Documents/Codex/2026-09-18/create-coding-agents-to-start-work/work/swift64/xcode/SwiftJLS/DerivedData/Build/Intermediates.noindex/SwiftJLS.build/Debug/SwiftJLSTests-p.build/Objects-normal/arm64/SwiftJLSTests_const_extract_protocols.json -Xcc -I/Users/suresh/Documents/Codex/2026-09-18/create-coding-agents-to-start-work/work/swift64/xcode/SwiftJLS/DerivedData/Build/Products/Debug/include -Xcc -I/Users/suresh/Documents/Codex/2026-09-18/create-coding-agents-to-start-work/work/swift64/xcode/SwiftJLS/DerivedData/Build/Intermediates.noindex/SwiftJLS.build/Debug/SwiftJLSTests-p.build/DerivedSources-normal/arm64 -Xcc -I/Users/suresh/Documents/Codex/2026-09-18/create-coding-agents-to-start-work/work/swift64/xcode/SwiftJLS/DerivedData/Build/Intermediates.noindex/SwiftJLS.build/Debug/SwiftJLSTests-p.build/DerivedSources/arm64 -Xcc -I/Users/suresh/Documents/Codex/2026-09-18/create-coding-agents-to-start-work/work/swift64/xcode/SwiftJLS/DerivedData/Build/Intermediates.noindex/SwiftJLS.build/Debug/SwiftJLSTests-p.build/DerivedSources -Xcc -DSWIFT_PACKAGE -Xcc -DDEBUG\=1 -working-directory /Users/suresh/Documents/Codex/2026-09-18/create-coding-agents-to-start-work/outputs/SwiftJLS/.swiftpm/xcode -experimental-emit-module-separately -disable-cmo

SwiftDriverJobDiscovery normal arm64 Compiling OwnershipTests.swift (in target 'SwiftJLSTests-product' from project 'SwiftJLS')

SwiftCompile normal arm64 Compiling\ APITests.swift /Users/suresh/Documents/Codex/2026-09-18/create-coding-agents-to-start-work/outputs/SwiftJLS/Tests/SwiftJLSTests/APITests.swift (in target 'SwiftJLSTests-product' from project 'SwiftJLS')

SwiftCompile normal arm64 /Users/suresh/Documents/Codex/2026-09-18/create-coding-agents-to-start-work/outputs/SwiftJLS/Tests/SwiftJLSTests/APITests.swift (in target 'SwiftJLSTests-product' from project 'SwiftJLS')
    cd /Users/suresh/Documents/Codex/2026-09-18/create-coding-agents-to-start-work/outputs/SwiftJLS/.swiftpm/xcode
    builtin-SwiftPerFileCompile APITests.swift

SwiftDriverJobDiscovery normal arm64 Compiling Swift64SampleAccessTests.swift (in target 'SwiftJLSTests-product' from project 'SwiftJLS')

Copy /Users/suresh/Documents/Codex/2026-09-18/create-coding-agents-to-start-work/work/swift64/xcode/SwiftJLS/DerivedData/Build/Products/Debug/SwiftJLSTests.swiftmodule/arm64-apple-macos.swiftmodule /Users/suresh/Documents/Codex/2026-09-18/create-coding-agents-to-start-work/work/swift64/xcode/SwiftJLS/DerivedData/Build/Intermediates.noindex/SwiftJLS.build/Debug/SwiftJLSTests-p.build/Objects-normal/arm64/SwiftJLSTests.swiftmodule (in target 'SwiftJLSTests-product' from project 'SwiftJLS')
    cd /Users/suresh/Documents/Codex/2026-09-18/create-coding-agents-to-start-work/outputs/SwiftJLS
    builtin-copy -exclude .DS_Store -exclude CVS -exclude .svn -exclude .git -exclude .hg -resolve-src-symlinks -rename /Users/suresh/Documents/Codex/2026-09-18/create-coding-agents-to-start-work/work/swift64/xcode/SwiftJLS/DerivedData/Build/Intermediates.noindex/SwiftJLS.build/Debug/SwiftJLSTests-p.build/Objects-normal/arm64/SwiftJLSTests.swiftmodule /Users/suresh/Documents/Codex/2026-09-18/create-coding-agents-to-start-work/work/swift64/xcode/SwiftJLS/DerivedData/Build/Products/Debug/SwiftJLSTests.swiftmodule/arm64-apple-macos.swiftmodule

Copy /Users/suresh/Documents/Codex/2026-09-18/create-coding-agents-to-start-work/work/swift64/xcode/SwiftJLS/DerivedData/Build/Products/Debug/SwiftJLSTests.swiftmodule/arm64-apple-macos.swiftdoc /Users/suresh/Documents/Codex/2026-09-18/create-coding-agents-to-start-work/work/swift64/xcode/SwiftJLS/DerivedData/Build/Intermediates.noindex/SwiftJLS.build/Debug/SwiftJLSTests-p.build/Objects-normal/arm64/SwiftJLSTests.swiftdoc (in target 'SwiftJLSTests-product' from project 'SwiftJLS')
    cd /Users/suresh/Documents/Codex/2026-09-18/create-coding-agents-to-start-work/outputs/SwiftJLS
    builtin-copy -exclude .DS_Store -exclude CVS -exclude .svn -exclude .git -exclude .hg -resolve-src-symlinks -rename /Users/suresh/Documents/Codex/2026-09-18/create-coding-agents-to-start-work/work/swift64/xcode/SwiftJLS/DerivedData/Build/Intermediates.noindex/SwiftJLS.build/Debug/SwiftJLSTests-p.build/Objects-normal/arm64/SwiftJLSTests.swiftdoc /Users/suresh/Documents/Codex/2026-09-18/create-coding-agents-to-start-work/work/swift64/xcode/SwiftJLS/DerivedData/Build/Products/Debug/SwiftJLSTests.swiftmodule/arm64-apple-macos.swiftdoc

Copy /Users/suresh/Documents/Codex/2026-09-18/create-coding-agents-to-start-work/work/swift64/xcode/SwiftJLS/DerivedData/Build/Products/Debug/SwiftJLSTests.swiftmodule/arm64-apple-macos.abi.json /Users/suresh/Documents/Codex/2026-09-18/create-coding-agents-to-start-work/work/swift64/xcode/SwiftJLS/DerivedData/Build/Intermediates.noindex/SwiftJLS.build/Debug/SwiftJLSTests-p.build/Objects-normal/arm64/SwiftJLSTests.abi.json (in target 'SwiftJLSTests-product' from project 'SwiftJLS')
    cd /Users/suresh/Documents/Codex/2026-09-18/create-coding-agents-to-start-work/outputs/SwiftJLS
    builtin-copy -exclude .DS_Store -exclude CVS -exclude .svn -exclude .git -exclude .hg -resolve-src-symlinks -rename /Users/suresh/Documents/Codex/2026-09-18/create-coding-agents-to-start-work/work/swift64/xcode/SwiftJLS/DerivedData/Build/Intermediates.noindex/SwiftJLS.build/Debug/SwiftJLSTests-p.build/Objects-normal/arm64/SwiftJLSTests.abi.json /Users/suresh/Documents/Codex/2026-09-18/create-coding-agents-to-start-work/work/swift64/xcode/SwiftJLS/DerivedData/Build/Products/Debug/SwiftJLSTests.swiftmodule/arm64-apple-macos.abi.json

Copy /Users/suresh/Documents/Codex/2026-09-18/create-coding-agents-to-start-work/work/swift64/xcode/SwiftJLS/DerivedData/Build/Products/Debug/SwiftJLSTests.swiftmodule/Project/arm64-apple-macos.swiftsourceinfo /Users/suresh/Documents/Codex/2026-09-18/create-coding-agents-to-start-work/work/swift64/xcode/SwiftJLS/DerivedData/Build/Intermediates.noindex/SwiftJLS.build/Debug/SwiftJLSTests-p.build/Objects-normal/arm64/SwiftJLSTests.swiftsourceinfo (in target 'SwiftJLSTests-product' from project 'SwiftJLS')
    cd /Users/suresh/Documents/Codex/2026-09-18/create-coding-agents-to-start-work/outputs/SwiftJLS
    builtin-copy -exclude .DS_Store -exclude CVS -exclude .svn -exclude .git -exclude .hg -resolve-src-symlinks -rename /Users/suresh/Documents/Codex/2026-09-18/create-coding-agents-to-start-work/work/swift64/xcode/SwiftJLS/DerivedData/Build/Intermediates.noindex/SwiftJLS.build/Debug/SwiftJLSTests-p.build/Objects-normal/arm64/SwiftJLSTests.swiftsourceinfo /Users/suresh/Documents/Codex/2026-09-18/create-coding-agents-to-start-work/work/swift64/xcode/SwiftJLS/DerivedData/Build/Products/Debug/SwiftJLSTests.swiftmodule/Project/arm64-apple-macos.swiftsourceinfo

SwiftCompile normal arm64 Compiling\ DescriptorTests.swift /Users/suresh/Documents/Codex/2026-09-18/create-coding-agents-to-start-work/outputs/SwiftJLS/Tests/SwiftJLSTests/DescriptorTests.swift (in target 'SwiftJLSTests-product' from project 'SwiftJLS')

SwiftCompile normal arm64 /Users/suresh/Documents/Codex/2026-09-18/create-coding-agents-to-start-work/outputs/SwiftJLS/Tests/SwiftJLSTests/DescriptorTests.swift (in target 'SwiftJLSTests-product' from project 'SwiftJLS')
    cd /Users/suresh/Documents/Codex/2026-09-18/create-coding-agents-to-start-work/outputs/SwiftJLS/.swiftpm/xcode
    builtin-SwiftPerFileCompile DescriptorTests.swift

SwiftDriverJobDiscovery normal arm64 Compiling DescriptorTests.swift (in target 'SwiftJLSTests-product' from project 'SwiftJLS')

SwiftCompile normal arm64 Compiling\ CancellationPublicationTests.swift /Users/suresh/Documents/Codex/2026-09-18/create-coding-agents-to-start-work/outputs/SwiftJLS/Tests/SwiftJLSTests/CancellationPublicationTests.swift (in target 'SwiftJLSTests-product' from project 'SwiftJLS')

SwiftCompile normal arm64 /Users/suresh/Documents/Codex/2026-09-18/create-coding-agents-to-start-work/outputs/SwiftJLS/Tests/SwiftJLSTests/CancellationPublicationTests.swift (in target 'SwiftJLSTests-product' from project 'SwiftJLS')
    cd /Users/suresh/Documents/Codex/2026-09-18/create-coding-agents-to-start-work/outputs/SwiftJLS/.swiftpm/xcode
    builtin-SwiftPerFileCompile CancellationPublicationTests.swift

SwiftDriverJobDiscovery normal arm64 Compiling APITests.swift (in target 'SwiftJLSTests-product' from project 'SwiftJLS')

SwiftDriverJobDiscovery normal arm64 Compiling CancellationPublicationTests.swift (in target 'SwiftJLSTests-product' from project 'SwiftJLS')

SwiftDriver\ Compilation SwiftJLSTests normal arm64 com.apple.xcode.tools.swift.compiler (in target 'SwiftJLSTests-product' from project 'SwiftJLS')
    cd /Users/suresh/Documents/Codex/2026-09-18/create-coding-agents-to-start-work/outputs/SwiftJLS/.swiftpm/xcode
    builtin-Swift-Compilation -- /Applications/Xcode.app/Contents/Developer/Toolchains/XcodeDefault.xctoolchain/usr/bin/swiftc -parse-as-library -module-name SwiftJLSTests -Onone @/Users/suresh/Documents/Codex/2026-09-18/create-coding-agents-to-start-work/work/swift64/xcode/SwiftJLS/DerivedData/Build/Intermediates.noindex/SwiftJLS.build/Debug/SwiftJLSTests-p.build/Objects-normal/arm64/SwiftJLSTests.SwiftFileList -DSWIFT_PACKAGE -DDEBUG -DXcode -plugin-path /Applications/Xcode.app/Contents/Developer/Toolchains/XcodeDefault.xctoolchain/usr/lib/swift/host/plugins/testing -enable-experimental-feature DebugDescriptionMacro -sdk /Applications/Xcode.app/Contents/Developer/Platforms/MacOSX.platform/Developer/SDKs/MacOSX27.0.sdk -target arm64-apple-macos26.0 -g -module-cache-path /Users/suresh/Documents/Codex/2026-09-18/create-coding-agents-to-start-work/work/swift64/xcode/SwiftJLS/DerivedData/ModuleCache.noindex -Xfrontend -serialize-debugging-options -profile-coverage-mapping -profile-generate -enable-testing -index-store-path /Users/suresh/Documents/Codex/2026-09-18/create-coding-agents-to-start-work/work/swift64/xcode/SwiftJLS/DerivedData/Index.noindex/DataStore -Xcc -D_LIBCPP_HARDENING_MODE\=_LIBCPP_HARDENING_MODE_DEBUG -swift-version 6 -I /Users/suresh/Documents/Codex/2026-09-18/create-coding-agents-to-start-work/work/swift64/xcode/SwiftJLS/DerivedData/Build/Products/Debug -Isystem /Applications/Xcode.app/Contents/Developer/Platforms/MacOSX.platform/Developer/usr/lib -F /Users/suresh/Documents/Codex/2026-09-18/create-coding-agents-to-start-work/work/swift64/xcode/SwiftJLS/DerivedData/Build/Products/Debug/PackageFrameworks -F /Users/suresh/Documents/Codex/2026-09-18/create-coding-agents-to-start-work/work/swift64/xcode/SwiftJLS/DerivedData/Build/Products/Debug -F /Applications/Xcode.app/Contents/Developer/Platforms/MacOSX.platform/Developer/Library/Frameworks -c -j18 -enable-batch-mode -incremental -Xcc -ivfsstatcache -Xcc /Users/suresh/Documents/Codex/2026-09-18/create-coding-agents-to-start-work/work/swift64/xcode/SwiftJLS/DerivedData/SDKStatCaches.noindex/macosx27.0-26A425-e829b21a6f8c9b70876ba0858053c0447231f6df4def33e022ae2eb8f782df1a.sdkstatcache -output-file-map /Users/suresh/Documents/Codex/2026-09-18/create-coding-agents-to-start-work/work/swift64/xcode/SwiftJLS/DerivedData/Build/Intermediates.noindex/SwiftJLS.build/Debug/SwiftJLSTests-p.build/Objects-normal/arm64/SwiftJLSTests-OutputFileMap.json -save-temps -no-color-diagnostics -explicit-module-build -module-cache-path /Users/suresh/Documents/Codex/2026-09-18/create-coding-agents-to-start-work/work/swift64/xcode/SwiftJLS/DerivedData/Build/Intermediates.noindex/SwiftExplicitPrecompiledModules -clang-scanner-module-cache-path /Users/suresh/Documents/Codex/2026-09-18/create-coding-agents-to-start-work/work/swift64/xcode/SwiftJLS/DerivedData/ModuleCache.noindex -sdk-module-cache-path /Users/suresh/Documents/Codex/2026-09-18/create-coding-agents-to-start-work/work/swift64/xcode/SwiftJLS/DerivedData/SDKExplicitPrecompiledModules -emit-dependencies -emit-module -emit-module-path /Users/suresh/Documents/Codex/2026-09-18/create-coding-agents-to-start-work/work/swift64/xcode/SwiftJLS/DerivedData/Build/Intermediates.noindex/SwiftJLS.build/Debug/SwiftJLSTests-p.build/Objects-normal/arm64/SwiftJLSTests.swiftmodule -serialize-diagnostics -dependency-scan-serialize-diagnostics-path /Users/suresh/Documents/Codex/2026-09-18/create-coding-agents-to-start-work/work/swift64/xcode/SwiftJLS/DerivedData/Build/Intermediates.noindex/SwiftJLS.build/Debug/SwiftJLSTests-p.build/Objects-normal/arm64/SwiftJLSTests-dependency-scan.dia -validate-clang-modules-once -clang-build-session-file /Users/suresh/Documents/Codex/2026-09-18/create-coding-agents-to-start-work/work/swift64/xcode/SwiftJLS/DerivedData/ModuleCache.noindex/Session.modulevalidation -Xcc -fmodules-prune-interval\=86400 -Xcc -fmodules-prune-after\=345600 -package-name swiftjls -emit-const-values -const-gather-protocols-list /Users/suresh/Documents/Codex/2026-09-18/create-coding-agents-to-start-work/work/swift64/xcode/SwiftJLS/DerivedData/Build/Intermediates.noindex/SwiftJLS.build/Debug/SwiftJLSTests-p.build/Objects-normal/arm64/SwiftJLSTests_const_extract_protocols.json -Xcc -I/Users/suresh/Documents/Codex/2026-09-18/create-coding-agents-to-start-work/work/swift64/xcode/SwiftJLS/DerivedData/Build/Products/Debug/include -Xcc -I/Users/suresh/Documents/Codex/2026-09-18/create-coding-agents-to-start-work/work/swift64/xcode/SwiftJLS/DerivedData/Build/Intermediates.noindex/SwiftJLS.build/Debug/SwiftJLSTests-p.build/DerivedSources-normal/arm64 -Xcc -I/Users/suresh/Documents/Codex/2026-09-18/create-coding-agents-to-start-work/work/swift64/xcode/SwiftJLS/DerivedData/Build/Intermediates.noindex/SwiftJLS.build/Debug/SwiftJLSTests-p.build/DerivedSources/arm64 -Xcc -I/Users/suresh/Documents/Codex/2026-09-18/create-coding-agents-to-start-work/work/swift64/xcode/SwiftJLS/DerivedData/Build/Intermediates.noindex/SwiftJLS.build/Debug/SwiftJLSTests-p.build/DerivedSources -Xcc -DSWIFT_PACKAGE -Xcc -DDEBUG\=1 -working-directory /Users/suresh/Documents/Codex/2026-09-18/create-coding-agents-to-start-work/outputs/SwiftJLS/.swiftpm/xcode -experimental-emit-module-separately -disable-cmo

Ld /Users/suresh/Documents/Codex/2026-09-18/create-coding-agents-to-start-work/work/swift64/xcode/SwiftJLS/DerivedData/Build/Products/Debug/SwiftJLSTests.xctest/Contents/MacOS/SwiftJLSTests normal (in target 'SwiftJLSTests-product' from project 'SwiftJLS')
    cd /Users/suresh/Documents/Codex/2026-09-18/create-coding-agents-to-start-work/outputs/SwiftJLS
    /Applications/Xcode.app/Contents/Developer/Toolchains/XcodeDefault.xctoolchain/usr/bin/swiftc -Xlinker -reproducible -target arm64-apple-macos26.0 -Xlinker -bundle -sdk /Applications/Xcode.app/Contents/Developer/Platforms/MacOSX.platform/Developer/SDKs/MacOSX27.0.sdk -Xlinker -no_warn_duplicate_libraries -L/Users/suresh/Documents/Codex/2026-09-18/create-coding-agents-to-start-work/work/swift64/xcode/SwiftJLS/DerivedData/Build/Intermediates.noindex/EagerLinkingTBDs/Debug -L/Users/suresh/Documents/Codex/2026-09-18/create-coding-agents-to-start-work/work/swift64/xcode/SwiftJLS/DerivedData/Build/Products/Debug -L/Applications/Xcode.app/Contents/Developer/Platforms/MacOSX.platform/Developer/usr/lib -F/Users/suresh/Documents/Codex/2026-09-18/create-coding-agents-to-start-work/work/swift64/xcode/SwiftJLS/DerivedData/Build/Intermediates.noindex/EagerLinkingTBDs/Debug -F/Users/suresh/Documents/Codex/2026-09-18/create-coding-agents-to-start-work/work/swift64/xcode/SwiftJLS/DerivedData/Build/Products/Debug/PackageFrameworks -F/Users/suresh/Documents/Codex/2026-09-18/create-coding-agents-to-start-work/work/swift64/xcode/SwiftJLS/DerivedData/Build/Products/Debug -Fsystem /Applications/Xcode.app/Contents/Developer/Platforms/MacOSX.platform/Developer/Library/Frameworks @/Users/suresh/Documents/Codex/2026-09-18/create-coding-agents-to-start-work/work/swift64/xcode/SwiftJLS/DerivedData/Build/Intermediates.noindex/SwiftJLS.build/Debug/SwiftJLSTests-p.build/Objects-normal/arm64/SwiftJLSTests.LinkFileList -Xlinker -rpath -Xlinker @loader_path -Xlinker -rpath -Xlinker /Users/suresh/Documents/Codex/2026-09-18/create-coding-agents-to-start-work/work/swift64/xcode/SwiftJLS/DerivedData/Build/Products/Debug/PackageFrameworks -Xlinker -rpath -Xlinker @loader_path/../../.. -Xlinker -rpath -Xlinker @loader_path/Frameworks -Xlinker -rpath -Xlinker @loader_path/../Frameworks -Xlinker -object_path_lto -Xlinker /Users/suresh/Documents/Codex/2026-09-18/create-coding-agents-to-start-work/work/swift64/xcode/SwiftJLS/DerivedData/Build/Intermediates.noindex/SwiftJLS.build/Debug/SwiftJLSTests-p.build/Objects-normal/arm64/SwiftJLSTests_lto.o -Xclang-linker -rdynamic -Xlinker -no_deduplicate -Xlinker -debug_variant -Xlinker -dependency_info -Xlinker /Users/suresh/Documents/Codex/2026-09-18/create-coding-agents-to-start-work/work/swift64/xcode/SwiftJLS/DerivedData/Build/Intermediates.noindex/SwiftJLS.build/Debug/SwiftJLSTests-p.build/Objects-normal/arm64/SwiftJLSTests_dependency_info.dat -link-objc-runtime -profile-generate -L/Applications/Xcode.app/Contents/Developer/Toolchains/XcodeDefault.xctoolchain/usr/lib/swift/macosx -L/usr/lib/swift -Xlinker -add_ast_path -Xlinker /Users/suresh/Documents/Codex/2026-09-18/create-coding-agents-to-start-work/work/swift64/xcode/SwiftJLS/DerivedData/Build/Intermediates.noindex/SwiftJLS.build/Debug/SwiftJLSTests-p.build/Objects-normal/arm64/SwiftJLSTests.swiftmodule -Xlinker -needed_framework -Xlinker XCTest -framework XCTest -Xlinker -needed-lXCTestSwiftSupport -lXCTestSwiftSupport -o /Users/suresh/Documents/Codex/2026-09-18/create-coding-agents-to-start-work/work/swift64/xcode/SwiftJLS/DerivedData/Build/Products/Debug/SwiftJLSTests.xctest/Contents/MacOS/SwiftJLSTests

CopySwiftLibs /Users/suresh/Documents/Codex/2026-09-18/create-coding-agents-to-start-work/work/swift64/xcode/SwiftJLS/DerivedData/Build/Products/Debug/SwiftJLSTests.xctest (in target 'SwiftJLSTests-product' from project 'SwiftJLS')
    cd /Users/suresh/Documents/Codex/2026-09-18/create-coding-agents-to-start-work/outputs/SwiftJLS
    builtin-swiftStdLibTool --copy --verbose --scan-executable /Users/suresh/Documents/Codex/2026-09-18/create-coding-agents-to-start-work/work/swift64/xcode/SwiftJLS/DerivedData/Build/Products/Debug/SwiftJLSTests.xctest/Contents/MacOS/SwiftJLSTests --scan-folder /Users/suresh/Documents/Codex/2026-09-18/create-coding-agents-to-start-work/work/swift64/xcode/SwiftJLS/DerivedData/Build/Products/Debug/SwiftJLSTests.xctest/Contents/Frameworks --scan-folder /Users/suresh/Documents/Codex/2026-09-18/create-coding-agents-to-start-work/work/swift64/xcode/SwiftJLS/DerivedData/Build/Products/Debug/SwiftJLSTests.xctest/Contents/PlugIns --scan-folder /Users/suresh/Documents/Codex/2026-09-18/create-coding-agents-to-start-work/work/swift64/xcode/SwiftJLS/DerivedData/Build/Products/Debug/SwiftJLSTests.xctest/Contents/Library/SystemExtensions --scan-folder /Users/suresh/Documents/Codex/2026-09-18/create-coding-agents-to-start-work/work/swift64/xcode/SwiftJLS/DerivedData/Build/Products/Debug/SwiftJLSTests.xctest/Contents/Extensions --platform macosx --toolchain /var/run/com.apple.security.cryptexd/mnt/com.apple.MobileAsset.MetalToolchain-v27.1.266.1.2eg2cZ/Metal.xctoolchain --toolchain /Applications/Xcode.app/Contents/Developer/Toolchains/XcodeDefault.xctoolchain --destination /Users/suresh/Documents/Codex/2026-09-18/create-coding-agents-to-start-work/work/swift64/xcode/SwiftJLS/DerivedData/Build/Products/Debug/SwiftJLSTests.xctest/Contents/Frameworks --strip-bitcode --scan-executable /Applications/Xcode.app/Contents/Developer/Platforms/MacOSX.platform/Developer/usr/lib/libXCTestSwiftSupport.dylib --strip-bitcode-tool /Applications/Xcode.app/Contents/Developer/Toolchains/XcodeDefault.xctoolchain/usr/bin/bitcode_strip --emit-dependency-info /Users/suresh/Documents/Codex/2026-09-18/create-coding-agents-to-start-work/work/swift64/xcode/SwiftJLS/DerivedData/Build/Intermediates.noindex/SwiftJLS.build/Debug/SwiftJLSTests-p.build/SwiftStdLibToolInputDependencies.dep --filter-for-swift-os
Ignoring --strip-bitcode because --sign was not passed

ExtractAppIntentsMetadata (in target 'SwiftJLSTests-product' from project 'SwiftJLS')
    cd /Users/suresh/Documents/Codex/2026-09-18/create-coding-agents-to-start-work/outputs/SwiftJLS
    /Applications/Xcode.app/Contents/Developer/Toolchains/XcodeDefault.xctoolchain/usr/bin/appintentsmetadataprocessor --toolchain-dir /var/run/com.apple.security.cryptexd/mnt/com.apple.MobileAsset.MetalToolchain-v27.1.266.1.2eg2cZ/Metal.xctoolchain --module-name SwiftJLSTests --sdk-root /Applications/Xcode.app/Contents/Developer/Platforms/MacOSX.platform/Developer/SDKs/MacOSX27.0.sdk --xcode-version 27A266a --platform-family macOS --deployment-target 26.0 --bundle-identifier swiftjls.SwiftJLSTests --output /Users/suresh/Documents/Codex/2026-09-18/create-coding-agents-to-start-work/work/swift64/xcode/SwiftJLS/DerivedData/Build/Products/Debug/SwiftJLSTests.xctest/Contents/Resources --target-triple arm64-apple-macos26.0 --binary-file /Users/suresh/Documents/Codex/2026-09-18/create-coding-agents-to-start-work/work/swift64/xcode/SwiftJLS/DerivedData/Build/Products/Debug/SwiftJLSTests.xctest/Contents/MacOS/SwiftJLSTests --dependency-file /Users/suresh/Documents/Codex/2026-09-18/create-coding-agents-to-start-work/work/swift64/xcode/SwiftJLS/DerivedData/Build/Intermediates.noindex/SwiftJLS.build/Debug/SwiftJLSTests-p.build/Objects-normal/arm64/SwiftJLSTests_dependency_info.dat --stringsdata-file /Users/suresh/Documents/Codex/2026-09-18/create-coding-agents-to-start-work/work/swift64/xcode/SwiftJLS/DerivedData/Build/Intermediates.noindex/SwiftJLS.build/Debug/SwiftJLSTests-p.build/Objects-normal/arm64/ExtractedAppShortcutsMetadata.stringsdata --source-file-list /Users/suresh/Documents/Codex/2026-09-18/create-coding-agents-to-start-work/work/swift64/xcode/SwiftJLS/DerivedData/Build/Intermediates.noindex/SwiftJLS.build/Debug/SwiftJLSTests-p.build/Objects-normal/arm64/SwiftJLSTests.SwiftFileList --metadata-file-list /Users/suresh/Documents/Codex/2026-09-18/create-coding-agents-to-start-work/work/swift64/xcode/SwiftJLS/DerivedData/Build/Intermediates.noindex/SwiftJLS.build/Debug/SwiftJLSTests-p.build/SwiftJLSTests.DependencyMetadataFileList --static-metadata-file-list /Users/suresh/Documents/Codex/2026-09-18/create-coding-agents-to-start-work/work/swift64/xcode/SwiftJLS/DerivedData/Build/Intermediates.noindex/SwiftJLS.build/Debug/SwiftJLSTests-p.build/SwiftJLSTests.DependencyStaticMetadataFileList --swift-const-vals-list /Users/suresh/Documents/Codex/2026-09-18/create-coding-agents-to-start-work/work/swift64/xcode/SwiftJLS/DerivedData/Build/Intermediates.noindex/SwiftJLS.build/Debug/SwiftJLSTests-p.build/Objects-normal/arm64/SwiftJLSTests.SwiftConstValuesFileList --compile-time-extraction --deployment-aware-processing --no-app-shortcuts-localization
2026-09-19 03:46:41.351 appintentsmetadataprocessor[13664:2776213] Starting appintentsmetadataprocessor export
2026-09-19 03:46:41.352 appintentsmetadataprocessor[13664:2776213] warning: Metadata extraction skipped, no AppIntents.framework dependency found

RegisterExecutionPolicyException /Users/suresh/Documents/Codex/2026-09-18/create-coding-agents-to-start-work/work/swift64/xcode/SwiftJLS/DerivedData/Build/Products/Debug/SwiftJLSTests.xctest (in target 'SwiftJLSTests-product' from project 'SwiftJLS')
    cd /Users/suresh/Documents/Codex/2026-09-18/create-coding-agents-to-start-work/outputs/SwiftJLS
    builtin-RegisterExecutionPolicyException /Users/suresh/Documents/Codex/2026-09-18/create-coding-agents-to-start-work/work/swift64/xcode/SwiftJLS/DerivedData/Build/Products/Debug/SwiftJLSTests.xctest

Touch /Users/suresh/Documents/Codex/2026-09-18/create-coding-agents-to-start-work/work/swift64/xcode/SwiftJLS/DerivedData/Build/Products/Debug/SwiftJLSTests.xctest (in target 'SwiftJLSTests-product' from project 'SwiftJLS')
    cd /Users/suresh/Documents/Codex/2026-09-18/create-coding-agents-to-start-work/outputs/SwiftJLS
    /usr/bin/touch -c /Users/suresh/Documents/Codex/2026-09-18/create-coding-agents-to-start-work/work/swift64/xcode/SwiftJLS/DerivedData/Build/Products/Debug/SwiftJLSTests.xctest

PruneExplicitPrecompiledModules /Users/suresh/Documents/Codex/2026-09-18/create-coding-agents-to-start-work/work/swift64/xcode/SwiftJLS/DerivedData/SDKExplicitPrecompiledModules

PruneExplicitPrecompiledModules /Users/suresh/Documents/Codex/2026-09-18/create-coding-agents-to-start-work/work/swift64/xcode/SwiftJLS/DerivedData/Build/Intermediates.noindex/ExplicitPrecompiledModules

PruneExplicitPrecompiledModules /Users/suresh/Documents/Codex/2026-09-18/create-coding-agents-to-start-work/work/swift64/xcode/SwiftJLS/DerivedData/Build/Intermediates.noindex/SwiftExplicitPrecompiledModules

2026-09-19 03:46:41.410 xcodebuild[13440:2775004]  DVTAssertions: Warning in IDEFrameworks/IDEFoundation/Execution/LaunchSystem/IDELaunchSession.m:395
Details:  setRunnablePIDWithDiagnostics:logSection:andCompletionHandler: called without a completion handler - blocking until diagnostics setup completes. Callers should migrate to using a completion handler for better performance.
Object:   <IDELaunchSession: 0x78ca28de00>
Method:   -setRunnablePIDWithDiagnostics:logSection:andCompletionHandler:
Thread:   <NSThread: 0x78cce59ac0>{number = 3, name = (null)}
Please file a bug at https://feedbackassistant.apple.com with this warning message and any useful information you can provide.
Test Suite 'All tests' started at 2026-09-19 03:46:42.571.
Test Suite 'All tests' passed at 2026-09-19 03:46:42.571.
	 Executed 0 tests, with 0 failures (0 unexpected) in 0.000 (0.001) seconds
􀟈 Test run started.
􀄵 Testing Library Version: 2084
􀄵 Target Platform: arm64e-apple-macos14.0
􀟈 Suite APITests started.
􀟈 Test noSyntheticBytesAdvertisedAsCompressedFormats() started.
􁁛 Test noSyntheticBytesAdvertisedAsCompressedFormats() passed after 0.001 seconds.
􀟈 Test defaultsAndUnsupportedFidelityAreExplicit() started.
􁁛 Test defaultsAndUnsupportedFidelityAreExplicit() passed after 0.001 seconds.
􀟈 Test resourceAndRequiredBackendErrorsPrecedeUnsupportedCodec() started.
􁁛 Test resourceAndRequiredBackendErrorsPrecedeUnsupportedCodec() passed after 0.001 seconds.
􀟈 Test cancellationKeepsSwiftCancellationError() started.
􁁛 Test cancellationKeepsSwiftCancellationError() passed after 0.001 seconds.
􀟈 Test exactSamplesAndZeroedPadding(precision:) started.
􀟈 Test case passing 1 argument precision → 12 to exactSamplesAndZeroedPadding(precision:) started.
​􀟈 Test case passing 1 argument precision → 16 to exactSamplesAndZeroedPadding(precision:) started.
​􁁛 Test exactSamplesAndZeroedPadding(precision:) with 2 test cases passed after 0.001 seconds.
􀟈 Test outOfRangeTwelveBitSampleInvalidatesDestination() started.
􁁛 Test outOfRangeTwelveBitSampleInvalidatesDestination() passed after 0.001 seconds.
􀟈 Test sampleHelperPreservesExplicitBigEndian() started.
􁁛 Test sampleHelperPreservesExplicitBigEndian() passed after 0.001 seconds.
􁁛 Suite APITests passed after 0.002 seconds.
􀟈 Test metadataAndDestinationLimitsUseCallerBudget() started.
􁁛 Test metadataAndDestinationLimitsUseCallerBudget() passed after 0.001 seconds.
􀟈 Test actualTaskCancellationDuringFillPreventsPublication() started.
􁁛 Test actualTaskCancellationDuringFillPreventsPublication() passed after 0.001 seconds.
􀟈 Test cancellationInProviderFinalisationPreventsPublication(_:) started.
􀟈 Test case passing 1 argument point → .sealing to cancellationInProviderFinalisationPreventsPublication(_:) started.
​􀟈 Test case passing 1 argument point → .validatingSealedStorage to cancellationInProviderFinalisationPreventsPublication(_:) started.
​􁁛 Test cancellationInProviderFinalisationPreventsPublication(_:) with 2 test cases passed after 0.001 seconds.
􀟈 Suite "Descriptor validation" started.
􀟈 Test paddedOddDimensionsAndPrecision() started.
􁁛 Test paddedOddDimensionsAndPrecision() passed after 0.001 seconds.
􀟈 Test finalRowNeedsOnlyItsActualSampleBytes() started.
􁁛 Test finalRowNeedsOnlyItsActualSampleBytes() passed after 0.001 seconds.
􀟈 Test rejectsInvalidGeometryAndPrecision() started.
􁁛 Test rejectsInvalidGeometryAndPrecision() passed after 0.001 seconds.
􀟈 Test rejectsArithmeticOverflowBeforeAllocation() started.
􁁛 Test rejectsArithmeticOverflowBeforeAllocation() passed after 0.001 seconds.
􀟈 Test rejectsMisalignedOffsetsAndStrides() started.
􁁛 Test rejectsMisalignedOffsetsAndStrides() passed after 0.001 seconds.
􀟈 Test rejectsOverlappingPlanesAndIncompleteMapping() started.
􁁛 Test rejectsOverlappingPlanesAndIncompleteMapping() passed after 0.001 seconds.
􀟈 Test semanticMetadataMustAgreeWithComponents() started.
􁁛 Test semanticMetadataMustAgreeWithComponents() passed after 0.001 seconds.
􀟈 Test deterministicLayoutMutation() started.
􁁛 Test deterministicLayoutMutation() passed after 0.001 seconds.
􁁛 Suite "Descriptor validation" passed after 0.002 seconds.
􀟈 Test adaptersShareWriterAuthorityAndRejectForgedLease() started.
􁁛 Test adaptersShareWriterAuthorityAndRejectForgedLease() passed after 0.001 seconds.
􀟈 Test reentrantLeaseOperationsRejectWithoutDeadlocking() started.
􁁛 Test reentrantLeaseOperationsRejectWithoutDeadlocking() passed after 0.001 seconds.
􀟈 Test sameTokenCannotAuthoriseConcurrentOverlappingBorrows() started.
􁁛 Test sameTokenCannotAuthoriseConcurrentOverlappingBorrows() passed after 0.001 seconds.
􀟈 Test concurrentAdaptersReserveExactlyOneWriter() started.
􁁛 Test concurrentAdaptersReserveExactlyOneWriter() passed after 0.001 seconds.
􀟈 Test imageRetainsAdapterUntilLastImageReleaseExactlyOnce() started.
􁁛 Test imageRetainsAdapterUntilLastImageReleaseExactlyOnce() passed after 0.001 seconds.
􀟈 Test sealedOwnerSupportsConcurrentReadersAndNestedRead() started.
􁁛 Test sealedOwnerSupportsConcurrentReadersAndNestedRead() passed after 0.001 seconds.
􀟈 Test failedFillInvalidatesDestination() started.
􁁛 Test failedFillInvalidatesDestination() passed after 0.001 seconds.
􀟈 Test abandonedDestinationInvalidatesItsReservedOwner() started.
􁁛 Test abandonedDestinationInvalidatesItsReservedOwner() passed after 0.001 seconds.
􀟈 Suite "Swift 6.4 sample access" started.
􀟈 Test readsIndependentGoldenBytesFromOddPhysicalAddress() started.
􁁛 Test readsIndependentGoldenBytesFromOddPhysicalAddress() passed after 0.001 seconds.
􀟈 Test writesGoldenBytesForPackedAndPadded12And16BitSamples() started.
􁁛 Test writesGoldenBytesForPackedAndPadded12And16BitSamples() passed after 0.001 seconds.
􀟈 Test initialisesExternalSampleBytesAtOddAddressWithoutChangingPadding() started.
􁁛 Test initialisesExternalSampleBytesAtOddAddressWithoutChangingPadding() passed after 0.001 seconds.
􀟈 Test refusesShortProviderBeforeLoadingSample() started.
􁁛 Test refusesShortProviderBeforeLoadingSample() passed after 0.001 seconds.
􀟈 Test rejectsCoordinatesBeforeOffsetArithmetic() started.
􁁛 Test rejectsCoordinatesBeforeOffsetArithmetic() passed after 0.001 seconds.
􀟈 Test outOfPrecisionWriteInvalidatesDestination() started.
􁁛 Test outOfPrecisionWriteInvalidatesDestination() passed after 0.001 seconds.
􁁛 Suite "Swift 6.4 sample access" passed after 0.003 seconds.
􁁛 Test run with 32 tests in 3 suites passed after 0.014 seconds.
2026-09-19 03:46:42.852 xcodebuild[13440:2775002] [MT] IDETestOperationsObserverDebug: 1.473 elapsed -- Testing started completed.
2026-09-19 03:46:42.852 xcodebuild[13440:2775002] [MT] IDETestOperationsObserverDebug: 0.000 sec, +0.000 sec -- start
2026-09-19 03:46:42.852 xcodebuild[13440:2775002] [MT] IDETestOperationsObserverDebug: 1.473 sec, +1.473 sec -- end

Test session results, code coverage, and logs:
	/Users/suresh/Documents/Codex/2026-09-18/create-coding-agents-to-start-work/work/swift64/xcode/SwiftJLS/Tests.xcresult

** TEST SUCCEEDED **

Testing started
